company	bean_origin_detailed	REF	review_date	cocoa_percent	location	rating	bean_type	bean_origin
Acalli	Chulucanas, El Platanal	1462	2015	70%	U.S.A.	3.75		Peru
Acalli	Tumbes, Norandino	1470	2015	70%	U.S.A.	3.75	Criollo	Peru
Akesson's (Pralus)	Bali (west), Sukrama Family, Melaya area	636	2011	75%	Switzerland	3.75	Trinitario	Indonesia
Akesson's (Pralus)	Madagascar, Ambolikapiky P.	502	2010	75%	Switzerland	2.75	Criollo	Madagascar
Akesson's (Pralus)	Monte Alegre, D. Badero	508	2010	75%	Switzerland	2.75	Forastero	Brazil
Altus aka Cao Artisan	Momotombo	1728	2016	60%	U.S.A.	2.75		Nicaragua
Altus aka Cao Artisan	Acopagro	1728	2016	60%	U.S.A.	3.0		Peru
Altus aka Cao Artisan	CIAAB Coop	1732	2016	60%	U.S.A.	2.5		Bolivia
Altus aka Cao Artisan	Villa Andina	1732	2016	60%	U.S.A.	2.5		Peru
Altus aka Cao Artisan	Gruppo Salinas	1732	2016	60%	U.S.A.	2.75		Ecuador
Altus aka Cao Artisan	Sur del Lago	1125	2013	60%	U.S.A.	2.5		Venezuela
Altus aka Cao Artisan	Conacado	1125	2013	60%	U.S.A.	3.0	Trinitario	Dominican Republic
Altus aka Cao Artisan	Bolivia	1129	2013	80%	U.S.A.	3.25		Bolivia
Altus aka Cao Artisan	Bolivia	1133	2013	60%	U.S.A.	3.0		Bolivia
Altus aka Cao Artisan	Peru	1133	2013	60%	U.S.A.	3.25		Peru
Amano	Morobe	725	2011	70%	U.S.A.	4.0		Papua New Guinea
Amano	Dos Rios	470	2010	70%	U.S.A.	3.75		Dominican Republic
Amano	Guayas	470	2010	70%	U.S.A.	4.0		Ecuador
Amano	Chuao	544	2010	70%	U.S.A.	3.0	Trinitario	Venezuela
Amano	Montanya	363	2009	70%	U.S.A.	3.0		Venezuela
Amano	Bali, Jembrana	304	2008	70%	U.S.A.	2.75		Indonesia
Amano	Madagascar	129	2007	70%	U.S.A.	3.5	Trinitario	Madagascar
Amano	Cuyagua	147	2007	70%	U.S.A.	3.0		Venezuela
Amano	Ocumare	175	2007	70%	U.S.A.	3.75	Criollo	Venezuela
Amazona	LamasdelChanka, San Martin, Oro Verde coop	1145	2013	72%	Peru	3.25		Peru
Amazona	Bellavista Gran Pajeten, San Martin	1145	2013	73%	Peru	3.5	Trinitario	Peru
Ambrosia	Belize	1494	2015	64%	Canada	3.0	Trinitario	Belize
Ambrosia	Madagascar	1494	2015	66%	Canada	3.25	Trinitario	Madagascar
Ambrosia	Dominican Republic	1498	2015	75%	Canada	3.25		Dominican Republic
Ambrosia	Papua New Guinea	1498	2015	63%	Canada	3.25		Papua New Guinea
Ambrosia	Venezuela	1498	2015	70%	Canada	3.25		Venezuela
Ambrosia	Peru	1498	2015	68%	Canada	3.5		Peru
Anahata	Elvesia	1259	2014	75%	U.S.A.	3.0		Dominican Republic
Animas	Alto Beni	1852	2016	75%	U.S.A.	3.5		Bolivia
Arete	San Juan	1724	2016	70%	U.S.A.	3.5	Trinitario	Trinidad
Arete	Kokoa Kamili	1724	2016	70%	U.S.A.	3.75		Tanzania
Arete	Tien Giang	1900	2016	73%	U.S.A.	3.5	Trinitario	Vietnam
Arete	Hacienda Victoria	1904	2016	70%	U.S.A.	3.25		Ecuador
Arete	Costa Esmeraldas	1904	2016	70%	U.S.A.	3.25		Ecuador
Arete	Lachua	1904	2016	70%	U.S.A.	3.5		Guatemala
Arete	Rugoso	1904	2016	70%	U.S.A.	3.75		Nicaragua
Arete	La Masica, FHIA	1908	2016	70%	U.S.A.	3.5		Honduras
Arete	Coto Brus, Terciopelo	1908	2016	70%	U.S.A.	4.0		Costa Rica
Arete	Phantom	1924	2016	70%	U.S.A.	4.0	Forastero (Nacional)	Peru
Arete	Elvesia	1928	2016	70%	U.S.A.	3.75		Dominican Republic
Arete	Matasawalevu	1928	2016	70%	U.S.A.	3.25		Fiji
Arete	Lam Dong	1928	2016	73%	U.S.A.	3.25		Vietnam
Arete	Fazenda Camboa	1534	2015	70%	U.S.A.	3.5		Brazil
Arete	Nacional	1534	2015	68%	U.S.A.	3.5	Forastero (Nacional)	Peru
Arete	Puerto Quito, heirloom	1534	2015	70%	U.S.A.	3.75	Forastero (Nacional)	Ecuador
Arete	Oko Caribe	1598	2015	70%	U.S.A.	3.5		Domincan Republic
Arete	Maya Mountain	1598	2015	70%	U.S.A.	3.75	Trinitario	Belize
Arete	Chuno	1598	2015	70%	U.S.A.	4.0	Criollo, Trinitario	Nicaragua
Arete	Fazenda Camboa	1602	2015	75%	U.S.A.	2.75		Brazil
Arete	Guatemala	1602	2015	70%	U.S.A.	3.25		Guatemala
Arete	Camino Verde	1602	2015	75%	U.S.A.	3.5		Ecuador
Askinosie	Mababa	1780	2016	68%	U.S.A.	3.75	Trinitario	Tanzania
Askinosie	Tenende, Uwate	647	2011	72%	U.S.A.	3.75	Trinitario	Tanzania
Askinosie	Cortes	661	2011	70%	U.S.A.	3.75	Trinitario	Honduras
Askinosie	Davao	331	2009	77%	U.S.A.	3.75	Trinitario	Philippines
Askinosie	Xoconusco	141	2007	75%	U.S.A.	2.5	Trinitario	Mexico
Askinosie	San Jose del Tambo	175	2007	70%	U.S.A.	3.0	Forastero (Arriba)	Ecuador
Bakau	Bambamarca, 2015	1454	2015	70%	Peru	2.75		Peru
Bakau	Huallabamba, 2015	1454	2015	70%	Peru	3.5		Peru
Bar Au Chocolat	Bahia	1554	2015	70%	U.S.A.	3.5		Brazil
Bar Au Chocolat	Maranon Canyon	1295	2014	70%	U.S.A.	4.0	Forastero (Nacional)	Peru
Bar Au Chocolat	Duarte Province	983	2012	70%	U.S.A.	3.25		Dominican Republic
Bar Au Chocolat	Chiapas	983	2012	70%	U.S.A.	3.5		Mexico
Bar Au Chocolat	Sambirano	983	2012	70%	U.S.A.	3.75	Trinitario	Madagascar
Batch	Dominican Republic, Batch 3	1840	2016	65%	U.S.A.	3.5		Domincan Republic
Batch	Brazil	1868	2016	70%	U.S.A.	3.75		Brazil
Batch	Ecuador	1880	2016	65%	U.S.A.	3.25		Ecuador
Beehive	Brazil, Batch 20316	1784	2016	80%	U.S.A.	2.75		Brazil
Beehive	Dominican Republic, Batch 31616	1784	2016	70%	U.S.A.	2.75		Domincan Republic
Beehive	Ecuador, Batch 31516	1784	2016	70%	U.S.A.	2.75		Ecuador
Beehive	Ecuador	1788	2016	90%	U.S.A.	2.75		Ecuador
Belcolade	Costa Rica	586	2010	64%	Belgium	2.75		Costa Rica
Belcolade	Papua New Guinea	586	2010	64%	Belgium	2.75		Papua New Guinea
Belcolade	Peru	586	2010	64%	Belgium	2.75		Peru
Belcolade	Ecuador	586	2010	71%	Belgium	3.5		Ecuador
Bellflower	Kakao Kamili, Kilombero Valley	1800	2016	70%	U.S.A.	3.5	Criollo, Trinitario	Tanzania
Bellflower	Alto Beni, Palos Blanco	1804	2016	70%	U.S.A.	3.25		Bolivia
Bellflower	Oko Caribe, Duarte P.	1864	2016	70%	U.S.A.	3.5		Domincan Republic
Benoit Nihant	Baracoa	1141	2013	74%	Belgium	3.5	Trinitario	Cuba
Benoit Nihant	Chuao	1141	2013	74%	Belgium	3.5	Criollo	Venezuela
Benoit Nihant	Cuyagua Village	1141	2013	74%	Belgium	3.5	Criollo	Venezuela
Benoit Nihant	Rio Peripa H.	1141	2013	73%	Belgium	4.0	Trinitario	Ecuador
Benoit Nihant	Bali, Sukrama Bros. Farm, Melaya, 62hr C	757	2011	72%	Belgium	4.0	Trinitario	Indonesia
Benoit Nihant	Somia Plantation, Sambirano, 70hr C	773	2011	72%	Belgium	3.75	Trinitario	Madagascar
Beschle (Felchlin)	Madagascar	636	2011	64%	Switzerland	3.0	Trinitario	Madagascar
Beschle (Felchlin)	Maracaibo	636	2011	88%	Switzerland	3.0	Criollo	Venezuela
Beschle (Felchlin)	Indigena Amazonia, Grand Cru, Quizas	636	2011	72%	Switzerland	3.5		Venezuela
Beschle (Felchlin)	Ecuador	636	2011	72%	Switzerland	4.0		Ecuador
Beschle (Felchlin)	Carenero S., Barlovento, Grand Cru	508	2010	70%	Switzerland	3.25	Trinitario	Venezuela
Beschle (Felchlin)	Porcelana, Premier Cru, Quizas No. 1	508	2010	74%	Switzerland	3.25	Criollo (Porcelana)	Venezuela
Beschle (Felchlin)	Java, Grand Cru	508	2010	64%	Switzerland	3.5		Indonesia
Beschle (Felchlin)	Ocumare, Premier Cru, Quizas No. 2	508	2010	72%	Switzerland	3.5		Venezuela
Bisou	Nicaragua, American style	1482	2015	76%	U.S.A.	2.5		Nicaragua
Bisou	San Andres, American style	1486	2015	76%	U.S.A.	2.5		Costa Rica
Bisou	San Andres, silk	1486	2015	78%	U.S.A.	2.5		Costa Rica
Bisou	Belize	1486	2015	86%	U.S.A.	3.25	Trinitario	Belize
Bittersweet Origins	Ghana	963	2012	72%	U.S.A.	3.5	Forastero	Ghana
Bittersweet Origins	Bali, Singaraja	478	2010	75%	U.S.A.	3.25		Indonesia
Bittersweet Origins	2009 Hapa Nibby	502	2010	70%	U.S.A.	3.75	Blend	Dominican Rep., Bali
Bittersweet Origins	Bali, Singaraja	558	2010	65%	U.S.A.	2.75		Indonesia
Bittersweet Origins	Sambirano, 2009	565	2010	70%	U.S.A.	3.0	Trinitario	Madagascar
Bittersweet Origins	Ocumare, prototype	565	2010	78%	U.S.A.	3.0	Criollo	Venezuela
Bittersweet Origins	Puerto Plata	414	2009	75%	U.S.A.	3.0		Dominican Republic
Bittersweet Origins	Puerto Plata	414	2009	65%	U.S.A.	3.5		Dominican Republic
Bittersweet Origins	Sambirano	423	2009	75%	U.S.A.	3.25	Trinitario	Madagascar
Bittersweet Origins	Sambirano	431	2009	65%	U.S.A.	3.5	Trinitario	Madagascar
Bittersweet Origins	Sambirano	233	2008	71%	U.S.A.	3.0	Trinitario	Madagascar
Bittersweet Origins	Bocas del Toro	233	2008	75%	U.S.A.	3.5		Panama
Bittersweet Origins	Puerto Plata	233	2008	68%	U.S.A.	3.75		Dominican Republic
Bittersweet Origins	Ankasa	256	2008	70%	U.S.A.	3.0	Forastero	Ghana
Black Mountain	La Red	256	2008	70%	U.S.A.	2.75		Dominican Republic
Black Mountain	Carenero Superior	256	2008	70%	U.S.A.	2.75	Trinitario	Venezuela
Black Mountain	Matiguas	256	2008	70%	U.S.A.	3.0		Nicaragua
Blue Bandana	Akesson's E., Sambirano V.	1740	2016	82%	U.S.A.	3.5	Trinitario	Madagascar
Blue Bandana	Lachua	1752	2016	75%	U.S.A.	2.75		Guatemala
Blue Bandana	Kokoa Kamili	1752	2016	75%	U.S.A.	3.5		Tanzania
Blue Bandana	Zorzal Reserva	1756	2016	75%	U.S.A.	3.0		Dominican Republic
Blue Bandana	Guatemala	911	2012	70%	U.S.A.	3.5		Guatemala
Blue Bandana	Madagascar	911	2012	70%	U.S.A.	3.75	Trinitario	Madagascar
Bowler Man	Maya Mountain	1267	2014	70%	U.S.A.	2.75	Trinitario	Belize
Bowler Man	Conacado	1271	2014	70%	U.S.A.	2.75		Dominican Republic
Brasstown aka It's Chocolate	Guasare, Zulia Prov.	1868	2016	70%	U.S.A.	3.5	Criollo	Venezuela
Brasstown aka It's Chocolate	O'payo, Waslala	1868	2016	70%	U.S.A.	3.75		Nicaragua
Brasstown aka It's Chocolate	Conacado	1462	2015	68%	U.S.A.	3.75		Dominican Republic
Brasstown aka It's Chocolate	Maya Mountain	1255	2014	70%	U.S.A.	3.75	Trinitario	Belize
Brasstown aka It's Chocolate	Chuao	1355	2014	70%	U.S.A.	4.0	Trinitario	Venezuela
Brasstown aka It's Chocolate	Cooproagro	1125	2013	72%	U.S.A.	3.0	Trinitario	Dominican Republic
Brasstown aka It's Chocolate	Camino Verde, Guayas	1125	2013	70%	U.S.A.	3.25		Ecuador
Brasstown aka It's Chocolate	Ghana	1129	2013	75%	U.S.A.	3.5	Forastero	Ghana
Brasstown aka It's Chocolate	Chuao, Mantuano blend	1129	2013	85%	U.S.A.	3.5	Trinitario	Venezuela
Brazen	Elvesia P.	1514	2015	60%	U.S.A.	3.0		Dominican Republic
Brazen	Elvesia P.	1514	2015	80%	U.S.A.	3.25		Dominican Republic
Brazen	Alta Verapaz, 2014	1514	2015	70%	U.S.A.	3.5		Guatemala
Brazen	Ambolikapiky P.	1518	2015	80%	U.S.A.	2.75		Madagascar
Brazen	Maya Mountain	1518	2015	80%	U.S.A.	3.25	Trinitario	Belize
Brazen	Ambolikapkly P.	1518	2015	60%	U.S.A.	3.25		Madagascar
Breeze Mill	Jamaica	1149	2013	70%	U.S.A.	3.0	Trinitario	Jamaica
Bronx Grrl Chocolate	Dominican Republic	1181	2013	68%	U.S.A.	2.75		Dominican Republic
Burnt Fork Bend	Trinidad	1299	2014	72%	U.S.A.	3.25	Trinitario	Trinidad
Burnt Fork Bend	Mindo	1299	2014	72%	U.S.A.	3.5		Ecuador
Burnt Fork Bend	Belize	1303	2014	72%	U.S.A.	3.25	Trinitario	Belize
Burnt Fork Bend	Blend	1303	2014	72%	U.S.A.	3.25	Blend
Burnt Fork Bend	Ecuador, Bob Bar	1323	2014	60%	U.S.A.	2.5		Ecuador
Cacao Atlanta	Tumbes	1215	2014	75%	U.S.A.	2.5	Criollo	Peru
Cacao Atlanta	"Dominican Republic, ""Love Bar"""	502	2010	75%	U.S.A.	2.5		Dominican Republic
Cacao Atlanta	Dominican Republic w/ nibs	502	2010	75%	U.S.A.	2.75		Dominican Republic
Cacao Atlanta	Patanemo	600	2010	75%	U.S.A.	2.25		Venezuela
Cacao Market	Jutiapa, lot 050916D	1860	2016	70%	U.S.A.	3.5	Trinitario	Honduras
Cacao Prieto	Criollo, Dominican Republic	991	2012	72%	U.S.A.	3.75	Criollo	Dominican Republic
Cacao Prieto	Dominican Republicm, rustic	641	2011	72%	U.S.A.	3.0		Dominican Republic
Cacao Prieto	Dominican Republic	641	2011	66%	U.S.A.	3.75		Dominican Republic
Cacao Prieto	Dominican Republic, rustic	647	2011	65%	U.S.A.	3.25		Dominican Republic
Cacaosuyo (Theobroma Inversiones)	Piura	1173	2013	70%	Peru	3.25		Peru
Callebaut	Grenade	296	2008	60%	Belgium	2.75	Trinitario	Grenada
Callebaut	Baking	141	2007	70%	Belgium	1.0		Ecuador
Cao	Porcelana	1804	2016	75%	U.S.A.	2.5	Criollo	Venezuela
Cao	Tanzania	1804	2016	73%	U.S.A.	2.75		Tanzania
Cao	Porcelana, Batch 5163	1804	2016	70%	U.S.A.	3.0	Criollo	Venezuela
Cao	Bolivia	1808	2016	75%	U.S.A.	3.0		Bolivia
Cao	Brazil	1808	2016	70%	U.S.A.	3.25	Trinitario	Brazil
Castronovo	Maya Mtn, Batch 454, Heirloom	1724	2016	72%	U.S.A.	4.0	Trinitario	Belize
Castronovo	the lost city, gracias a dias, batch 362	1570	2015	72%	U.S.A.	3.5	Trinitario	Honduras
Castronovo	Duarte, Batch 360	1570	2015	70%	U.S.A.	3.75	Criollo, Trinitario	Domincan Republic
Castronovo	Piaroa, Amazonas, Batch 350	1574	2015	72%	U.S.A.	3.5		Venezuela
Castronovo	Sierra Nevada	1347	2014	72%	U.S.A.	3.5	Criollo, Trinitario	Colombia
Castronovo	Arauca	1371	2014	76%	U.S.A.	3.5	Criollo, Trinitario	Colombia
Castronovo	Elvesia P.	1407	2014	70%	U.S.A.	2.75	Trinitario	Dominican Republic
Castronovo	Bolivia	1101	2013	70%	U.S.A.	3.0	Trinitario	Bolivia
Castronovo	Conacado	1101	2013	73%	U.S.A.	3.5	Trinitario	Dominican Republic
Castronovo	San Martin	1105	2013	70%	U.S.A.	2.5	Criollo	Peru
Castronovo	Guaniamo, Amazonas	1105	2013	70%	U.S.A.	3.25		Venezuela
Castronovo	Nicaragua	1109	2013	72%	U.S.A.	3.25	Trinitario	Nicaragua
Castronovo	Tumbes	1153	2013	70%	U.S.A.	2.75	Criollo	Peru
Castronovo	Guaniamo	1153	2013	72%	U.S.A.	3.0		Venezuela
Cello	Ecuador	1247	2014	70%	U.S.A.	2.5		Ecuador
Cello	Peru	1247	2014	70%	U.S.A.	2.75		Peru
Cello	Venezuela	1251	2014	70%	U.S.A.	2.75		Venezuela
Cello	Bolivia	1251	2014	70%	U.S.A.	3.0		Bolivia
Chaleur B	Uganda	1426	2014	70%	Canada	2.75	Forastero	Uganda
Charm School	Maya Mtn	1900	2016	70%	U.S.A.	3.25		Belize
Chequessett	la Amistad	1235	2014	70%	U.S.A.	3.5		Costa Rica
Chocola'te	Madagascar	647	2011	70%	U.S.A.	3.75	Trinitario	Madagascar
Chocola'te	Venezuela	647	2011	68%	U.S.A.	3.75		Venezuela
Chocolate Alchemist-Philly	"Tumbes, ""Zarumilla"""	1772	2016	90%	U.S.A.	2.5		Peru
Chocolate Alchemist-Philly	Philly Blend, 5 plantations	1772	2016	80%	U.S.A.	2.5
Chocolate Con Amor	Wild Bolivian	1760	2016	70%	U.S.A.	2.5		Bolivia
Chocolate Con Amor	Uganda	1760	2016	70%	U.S.A.	2.75		Uganda
Chocolate Con Amor	Dominican Republic	1764	2016	60%	U.S.A.	3.0		Dominican Republic
Chocolate Con Amor	Dominican Republic	1764	2016	75%	U.S.A.	3.0		Dominican Republic
Chocolate Con Amor	Ocumare	1764	2016	80%	U.S.A.	3.0	Criollo (Ocumare)	Venezuela
Chocolate Con Amor	Ecuador	1764	2016	70%	U.S.A.	3.25		Ecuador
Chocolate Con Amor	Nicaragua	1768	2016	80%	U.S.A.	2.75		Nicaragua
Chocolate Conspiracy	Peru	1259	2014	74%	U.S.A.	2.75		Peru
Chocolats Privilege	Xoconusco	1219	2014	70%	Canada	2.5	Criollo	Mexico
Chocosol	Chiapas, Lacandon Jungle, Oaxacom Mtn	682	2011	65%	Canada	3.25		Mexico
Chocovivo	Tabasco	1522	2015	65%	U.S.A.	2.5	Trinitario	Mexico
Chocovivo	Tabasco	1522	2015	75%	U.S.A.	2.5	Trinitario	Mexico
Choklat	Ocumare	377	2009	80%	Canada	2.5	Criollo	Venezuela
Choklat	Porcelana, Tabasco	377	2009	70%	Canada	2.75	Criollo	Mexico
Choklat	Brazilian	377	2009	70%	Canada	3.0		Brazil
Choklat	Brazilian	377	2009	80%	Canada	3.0		Brazil
Choklat	Ocumare	377	2009	70%	Canada	3.0	Criollo	Venezuela
Choocsol	Chiapas, Lacandon Jungle, Oaxacom Mtn	1832	2016	75%	Canada	3.25		Mexico
Christopher Morel (Felchlin)	Maranon Canyon, Fortunato No. 4	666	2011	68%	Canada	3.75	Forastero (Nacional)	Peru
Chuao Chocolatier	Choroni	445	2009	61%	U.S.A.	3.0	Criollo	Venezuela
Chuao Chocolatier (Pralus)	Chuao	486	2010	77%	U.S.A.	2.75	Trinitario	Venezuela
Cloudforest	Camino Verde P., Balao, Guayas, 2014	1486	2015	73%	U.S.A.	3.5		Ecuador
Coleman & Davis	Sambirano	1646	2015	75%	U.S.A.	3.0	Trinitario	Madagascar
Condor	Camino Verde	1630	2015	76%	U.S.A.	3.5		Ecuador
Confluence	Tien Giang, 2015, batch 10-2-16	1916	2016	78%	U.S.A.	2.75	Trinitario	Vietnam
Cote d' Or (Kraft)	Sensations Intense	48	2006	70%	Belgium	1.0
Creo	"""heirloom"", Arriba Nacional"	1736	2016	85%	U.S.A.	3.25	Forastero (Nacional)	Ecuador
Creo	"""heirloom"", Arriba Nacional"	1736	2016	73%	U.S.A.	3.75	Forastero (Nacional)	Ecuador
Dalloway	Dominican Republic, batch 7	1928	2017	72%	U.S.A.	2.75		Dominican Republic
Dandelion	Zorzal Reserva, 2015 H., Kerchner	1816	2016	70%	U.S.A.	3.75
Dandelion	Maya Mtn., Break Bar- Snark	1446	2015	70%	U.S.A.	3.0	Trinitario	Belize
Dandelion	Maya Mountain	1219	2014	70%	U.S.A.	3.5	Trinitario	Belize
Dandelion	Camino Verde P., Balao, Guayas, 2013	1295	2014	70%	U.S.A.	3.5		Ecuador
Dandelion	Buto	1303	2014	70%	U.S.A.	2.75		Liberia
Dandelion	San Francisco de Macoris, Cibao region	1387	2014	70%	U.S.A.	3.75		Dominican Republic
Dandelion	Cumboto, farmer Jose Lugo	1026	2013	70%	U.S.A.	2.75		Venezuela
Dandelion	Patanemo	1026	2013	70%	U.S.A.	3.25		Venezuela
Dandelion	Mantuano, 2012	1085	2013	70%	U.S.A.	3.5		Venezuela
Dandelion	Papua New Guinea	1153	2013	70%	U.S.A.	3.5		Papua New Guinea
Dandelion	Upala	805	2012	70%	U.S.A.	3.0		Costa Rica
Dandelion	Colombian	805	2012	70%	U.S.A.	3.25		Colombia
Dandelion	Elvesia, 2011	915	2012	70%	U.S.A.	3.75		Dominican Republic
Dandelion	Dominican Republic	654	2011	70%	U.S.A.	3.25		Dominican Republic
Dandelion	Madagascar	654	2011	70%	U.S.A.	3.25	Trinitario	Madagascar
Dandelion	Tanzania	654	2011	70%	U.S.A.	3.25		Tanzania
DAR	Venezuela, batch 122	1920	2016	72%	U.S.A.	2.75		Venezuela
DAR	Vietnam	1920	2016	72%	U.S.A.	3.0	Trinitario	Vietnam
DAR	DUO, batch 002	1920	2016	70%	U.S.A.	3.25		Ecuador, Costa Rica
Dark Forest	Bolivia	1708	2016	75%	U.S.A.	3.25		Bolivia
Dark Forest	Madagascar	1550	2015	70%	U.S.A.	3.0	Trinitario	Madagascar
Dark Forest	Ocumare	1550	2015	70%	U.S.A.	3.25		Venezuela
Dark Forest	Tanzania	1554	2015	70%	U.S.A.	3.0		Tanzania
Dark Forest	Ecuador	1554	2015	70%	U.S.A.	3.25		Ecuador
Davis	Ghana	1093	2013	70%	U.S.A.	2.5	Forastero	Ghana
Davis	Rainforest	1093	2013	70%	U.S.A.	2.75		Dominican Republic
Davis	Venezuela	1093	2013	70%	U.S.A.	2.75		Venezuela
Davis	West Africa	907	2012	58%	U.S.A.	3.25	Forastero	West Africa
Dean and Deluca (Belcolade)	Madagascar	170	2007	66%	U.S.A.	2.5	Trinitario	Madagascar
Dean and Deluca (Belcolade)	Costa Rica	175	2007	64%	U.S.A.	3.0		Costa Rica
Dean and Deluca (Belcolade)	Ecuador	175	2007	71%	U.S.A.	3.0		Ecuador
Dean and Deluca (Belcolade)	Ghana	175	2007	60%	U.S.A.	3.0	Forastero	Ghana
Dean and Deluca (Belcolade)	Papua New Guinea	180	2007	64%	U.S.A.	3.0		Papua New Guinea
Dean and Deluca (Belcolade)	Peru	180	2007	64%	U.S.A.	3.0		Peru
Desbarres	Kilombero, batch 41	1916	2016	72%	Canada	2.5		Tanzania
DeVries	Bolivian	241	2008	80%	U.S.A.	2.75		Bolivia
DeVries	Costa Rica	166	2007	77%	U.S.A.	3.5	Trinitario	Costa Rica
DeVries	Dominican Republic	166	2007	77%	U.S.A.	3.5		Dominican Republic
Dick Taylor	Lanquin Estate	1952	2017	70%	U.S.A.	3.75		Guatemala
Dick Taylor	Tien Giang	1864	2016	78%	U.S.A.	3.5	Trinitario	Vietnam
Dick Taylor	Alto Beni, Wild Harvest, Limited Ed.	1634	2015	70%	U.S.A.	3.75		Bolivia
Dick Taylor	Elvesia	1235	2014	74%	U.S.A.	3.5		Dominican Republic
Dick Taylor	Ecuador, Choc. Garage Exclusive	1034	2013	70%	U.S.A.	3.25		Ecuador
Dick Taylor	Camino Verde	1193	2013	76%	U.S.A.	3.5		Ecuador
Dick Taylor	Bolivia	895	2012	75%	U.S.A.	2.75		Bolivia
Dick Taylor	Belize	955	2012	72%	U.S.A.	2.75	Trinitario	Belize
Dick Taylor	Sambirano	661	2011	80%	U.S.A.	2.75	Trinitario	Madagascar
Dick Taylor	Sambirano	661	2011	72%	U.S.A.	3.0	Trinitario	Madagascar
Dick Taylor	Mantuano	682	2011	75%	U.S.A.	2.75	Criollo	Venezuela
Dick Taylor	La Red	769	2011	74%	U.S.A.	3.0		Dominican Republic
Dick Taylor	Ecuador	769	2011	70%	U.S.A.	3.25		Ecuador
Dole (Guittard)	O'ahu, N. Shore, Waialua Estate	311	2009	70%	U.S.A.	3.75		Hawaii
Dolfin (Belcolade)	Africa	304	2008	88%	Belgium	3.0	Forastero	West Africa
Dolfin (Belcolade)	Noir	63	2006	70%	Belgium	1.5
Dulcinea	Dominican Republic	1506	2015	70%	U.S.A.	3.25		Dominican Republic
Durci	Maranon, Joya Rara	1626	2015	70%	U.S.A.	3.5	Forastero (Nacional)	Peru
Durci	Rio Caribe, Tepui Treasure	1626	2015	70%	U.S.A.	3.5	Trinitario	Venezuela
Durci	Taino Secret	1630	2015	70%	U.S.A.	3.25		Domincan Republic
Durci	Carenero, Empyrean Sabor	1630	2015	70%	U.S.A.	3.25	Trinitario	Venezuela
Durci	Corona Arriba	1630	2015	70%	U.S.A.	4.0		Ecuador
East Van Roasters	Peru	1343	2014	70%	Canada	3.25		Peru
East Van Roasters	Madagascar	1343	2014	70%	Canada	3.5	Trinitario	Madagascar
East Van Roasters	Dominican Republic	1343	2014	70%	Canada	3.75		Dominican Republic
Eau de Rose	Tumaco	1812	2016	70%	Canada	3.25		Colombia
Eau de Rose	Arauca	1812	2016	70%	Canada	3.25		Colombia
Eclat (Felchlin)	Maranon, Good & Evil, w/ nibs	919	2012	72%	U.S.A.	2.75	Forastero (Nacional)	Peru
ENNA	Wampusirpi, batch 007	1916	2016	75%	U.S.A.	3.25		Honduras
Escazu	Rio Caribe	903	2012	70%	U.S.A.	2.75	Trinitario	Venezuela
Escazu	Guapiles	414	2009	65%	U.S.A.	2.0		Costa Rica
Escazu	Carenero Superior	423	2009	81%	U.S.A.	3.5	Criollo	Venezuela
Escazu	Carenero, Guapiles, Ocumare blend	431	2009	74%	U.S.A.	2.75		Cost Rica, Ven
Escazu	Ocumare	252	2008	72%	U.S.A.	3.0	Criollo	Venezuela
Ethel's Artisan (Mars)	Peru, Madagascar	666	2011	55%	U.S.A.	2.5		Peru, Madagascar
Ethel's Artisan (Mars)	Trinidad	666	2011	55%	U.S.A.	2.5	Trinitario	Trinidad
Ethel's Artisan (Mars)	Porcelana	666	2011	70%	U.S.A.	2.5	Criollo (Porcelana)	Venezuela
Ethel's Artisan (Mars)	Red Vanilla	666	2011	62%	U.S.A.	2.75
Ethel's Artisan (Mars)	Venezuela, Trinidad	672	2011	62%	U.S.A.	2.5		Venezuela, Trinidad
Ethereal	Belize	1275	2014	80%	U.S.A.	3.0	Trinitario	Belize
Ethereal	Ecuador	1275	2014	80%	U.S.A.	3.5		Ecuador
Ethereal	Dominican Republic	1275	2014	80%	U.S.A.	3.75		Dominican Republic
Fearless (AMMA)	Monte Alegre, D. Badaro, Raw, Organic	565	2010	75%	U.S.A.	2.75		Brazil
Felchlin	Grenada	494	2010	58%	Switzerland	3.5	Trinitario	Grenada
Felchlin	Supremo- SF	105	2006	62%	Switzerland	2.0
Felchlin	Elvesia P.	105	2006	74%	Switzerland	3.0	Trinitario, Criollo	Dominican Republic
Felchlin	Madagascar, Grand Cru	48	2006	64%	Switzerland	3.0	Criollo	Madagascar
Felchlin	Maracaibo Clasificado	48	2006	65%	Switzerland	3.0	Criollo	Venezuela
Felchlin	Arriba	48	2006	72%	Switzerland	3.5	Forastero (Arriba)	Ecuador
Felchlin	Alto Beni, Cru Savage	56	2006	68%	Switzerland	4.0	Criollo (Wild)	Bolivia
Finca	Puerto Rico	1283	2014	65%	U.S.A.	2.25		Puerto Rico
Finca	Dominican Republic	1283	2014	80%	U.S.A.	3.0		Dominican Republic
Finca	Dominican Republic	1283	2014	70%	U.S.A.	3.25		Dominican Republic
Finca	Dominican Republic	1287	2014	85%	U.S.A.	2.5		Dominican Republic
Frederic Blondeel	Costa Rica	1538	2015	70%	Belgium	3.5		Costa Rica
Frederic Blondeel	Peru Brutus	1538	2015	75%	Belgium	3.5		Peru
Frederic Blondeel	Vietnam	1542	2015	80%	Belgium	3.0	Trinitario	Vietnam
Frederic Blondeel	Ghana	1351	2014	60%	Belgium	3.5	Forastero	Ghana
Frederic Blondeel	Madagascar	1351	2014	65%	Belgium	3.5	Trinitario	Madagascar
French Broad	Norandino, batch 161208	1940	2017	70%	U.S.A.	3.5		Peru
French Broad	Guatemala	1634	2015	73%	U.S.A.	3.5		Guatemala
French Broad	San Andres	1209	2014	80%	U.S.A.	3.0		Costa Rica
French Broad	Matagalpa	1295	2014	68%	U.S.A.	3.25		Nicaragua
French Broad	Palo Blanco, Chulucanas	1042	2013	66%	U.S.A.	3.5		Peru
French Broad	Tumbes Coop	883	2012	70%	U.S.A.	2.5	Criollo	Peru
French Broad	Palo Blanco, Chulucanas	883	2012	61%	U.S.A.	3.5		Peru
French Broad	Palo Blanco w/ panela, Chulucanas	887	2012	81%	U.S.A.	2.0		Peru
French Broad	Maranon Canyon, Fortunato No. 4	781	2011	70%	U.S.A.	3.5	Forastero (Nacional)	Peru
French Broad	La Red	785	2011	65%	U.S.A.	3.5		Dominican Republic
Fresco	Maranon, #228, MR, SC	1383	2014	70%	U.S.A.	3.0	Forastero (Nacional)	Peru
Fresco	Maranon, #227, LR, MC	1383	2014	70%	U.S.A.	3.5	Forastero (Nacional)	Peru
Fresco	Maranon, #229, MR, LC	1383	2014	70%	U.S.A.	3.5	Forastero (Nacional)	Peru
Fresco	Maranon, #230, DR, LC	1387	2014	70%	U.S.A.	3.5	Forastero (Nacional)	Peru
Fresco	Conacado, #223, MR, SC	1030	2013	72%	U.S.A.	3.25		Dominican Republic
Fresco	Conacado, #224, MR, MC	1081	2013	72%	U.S.A.	3.75		Dominican Republic
Fresco	San Martin, Bellavista Coop, #226, DR, MC	1117	2013	70%	U.S.A.	3.75		Peru
Fresco	Bellavista Coop, #225, LR, MC, CG Exclusive	1149	2013	70%	U.S.A.	4.0	Trinitario	Peru
Fresco	Markham Valley, #219, LR, MC	899	2012	69%	U.S.A.	3.5		Papua New Guinea
Fresco	Markham Valley, #221, DR, MC	899	2012	69%	U.S.A.	3.5		Papua New Guinea
Fresco	Sambirano Valley, #216, MR, LC	915	2012	74%	U.S.A.	4.0	Trinitario	Madagascar
Fresco	Markham Valley, #220, MR, MC	927	2012	69%	U.S.A.	4.0	Trinitario	Papua New Guinea
Fresco	Markham Valley, #222, LR, 0C	931	2012	69%	U.S.A.	3.0	Trinitario	Papua New Guinea
Fresco	Ghana, #211, MR, MC	636	2011	74%	U.S.A.	2.75	Forastero	Ghana
Fresco	Jamaica, #209, DR, SC	642	2011	70%	U.S.A.	3.25	Trinitario	Jamaica
Fresco	Conacado, #212, LR, SC	642	2011	72%	U.S.A.	3.5		Dominican Republic
Fresco	Jamaica, #210, DR, MC	642	2011	70%	U.S.A.	3.5	Trinitario	Jamaica
Fresco	Sambirano Valley, #214, LR, MC	682	2011	74%	U.S.A.	2.75	Trinitario	Madagascar
Fresco	Conacado, #213, DR, -C	682	2011	72%	U.S.A.	3.25		Dominican Republic
Fresco	Sambirano Valley, #215, MR, MC	688	2011	74%	U.S.A.	3.0	Trinitario	Madagascar
Fresco	Chuao, #218, MR, MC	745	2011	76%	U.S.A.	3.25	Trinitario	Venezuela
Fresco	Chuao, #217, DR, MC	745	2011	70%	U.S.A.	4.0	Trinitario	Venezuela
Fresco	Jamaica, #204, DR, SC	370	2009	80%	U.S.A.	2.75	Trinitario	Jamaica
Fresco	Jamaica, #206, DR, LC	370	2009	70%	U.S.A.	3.0	Trinitario	Jamaica
Fresco	Jamaica, #205, DR, MC	370	2009	70%	U.S.A.	3.25	Trinitario	Jamaica
Fresco	Carenero Superior, #203, MR, SC	370	2009	65%	U.S.A.	3.5	Criollo	Venezuela
Fruition	Wild Bolivian, Batch 2	1780	2016	74%	U.S.A.	3.75	Beniano	Bolivia
Fruition	Coto Brus, Heirloom, Batch 1	1780	2016	74%	U.S.A.	4.0	Amazon mix	Costa Rica
Fruition	Gran Couva	1347	2014	70%	U.S.A.	3.75	Trinitario	Trinidad
Fruition	Maranon	1359	2014	76%	U.S.A.	3.0	Forastero (Nacional)	Peru
Fruition	La Red	1046	2013	70%	U.S.A.	3.75		Dominican Republic
Fruition	Camino Verde	1185	2013	75%	U.S.A.	3.0		Ecuador
Fruition	Peru	863	2012	70%	U.S.A.	2.5		Peru
Fruition	Signature Blend	753	2011	66%	U.S.A.	3.25	Trinitario	Costa Rica
Fruition	Costa Rica	781	2011	70%	U.S.A.	3.0		Costa Rica
Garden Island	Kaua'I, Alea Estate +world	1367	2014	85%	U.S.A.	2.5	Blend	Hawaii
Glennmade	Toledo District, 2015 Harvest	1848	2016	70%	U.S.A.	3.5		Belize
Glennmade	Bahia	1672	2015	66%	U.S.A.	3.0	Trinitario, Forastero	Brazil
Goodnow Farms	Almendra Blanca, batch 1004	1924	2016	77%	U.S.A.	2.75		Mexico
Goodnow Farms	El Carmen, batch 1003	1924	2016	77%	U.S.A.	3.25		Nicaragua
Goodnow Farms	Asochivite, batch 1005	1924	2016	77%	U.S.A.	3.25		Guatemala
Guittard	Epique, Blend No. 49	1602	2015	70%	U.S.A.	3.75
Guittard	Haiti	1053	2013	65%	U.S.A.	2.75		Haiti
Guittard	Nicaragua	1053	2013	65%	U.S.A.	2.75		Nicaragua
Guittard	Jamaica	1053	2013	65%	U.S.A.	3.25	Trinitario	Jamaica
Guittard	Ecuador	1053	2013	65%	U.S.A.	3.5		Ecuador
Guittard	Coucher du Soleil	654	2011	72%	U.S.A.	2.75
Guittard	Lever du Soleil	654	2011	61%	U.S.A.	3.25
Guittard	Onyx	654	2011	72%	U.S.A.	3.25
Guittard	Trinidad	552	2010	65%	U.S.A.	3.0	Trinitario	Trinidad
Guittard	O'ahu, N. Shore, Waialua E., Kakoleka	316	2009	55%	U.S.A.	3.0		Hawaii
Guittard	Nocturne	387	2009	91%	U.S.A.	3.0
Guittard	Complexite	387	2009	70%	U.S.A.	3.5	Blend
Guittard	Machu Pichu	259	2008	65%	U.S.A.	3.0		Peru
Guittard	Special Maker Reserve	276	2008	64%	U.S.A.	3.0
Guittard	Ocumare	276	2008	65%	U.S.A.	3.5		Venezuela
Guittard	Quetzalcoatl	147	2007	72%	U.S.A.	3.5	Blend
Guittard	Chucuri	15	2006	65%	U.S.A.	3.0	Trinitario	Colombia
Guittard	Sur del Lago	87	2006	65%	U.S.A.	2.5	Trinitario, Criollo	Venezuela
Guittard	Sambirano, Ambanja	87	2006	65%	U.S.A.	3.5	Criollo, +	Madagascar
Guittard	Los Rios, Quevedo	93	2006	65%	U.S.A.	3.5	Forastero (Arriba)	Ecuador
Guittard	Tsaranta	93	2006	61%	U.S.A.	3.5	Blend
Guittard	Semisweet	99	2006	61%	U.S.A.	3.0	Blend
Habitual	Papua New Guinea	1197	2014	80%	Canada	2.75		Papua New Guinea
Habitual	Campesino w/ nibs	1197	2014	74%	Canada	2.75
Habitual	Dominican Republic	1197	2014	75%	Canada	3.25		Dominican Republic
Habitual	Trinitario	1197	2014	70%	Canada	3.5	Trinitario
Habitual	Downtown London	1201	2014	65%	Canada	2.75
Habitual	Africa meets Latina	1201	2014	70%	Canada	3.0
Habitual	Amazonas	1201	2014	80%	Canada	3.0
Habitual	Sharkey	1201	2014	66%	Canada	3.25		Hawaii
Habitual	one hundred	1205	2014	100%	Canada	2.0
Harper Macaw	Vale do Juliana, w/ nibs	1808	2016	85%	U.S.A.	3.25		Brazil
Harper Macaw	Brazil Blend	1696	2015	67%	U.S.A.	3.0		Brazil
Harper Macaw	Tome Acu E., Amazon Rainforest	1700	2015	77%	U.S.A.	3.5		Brazil
Harper Macaw	Vale do Juliana E., Atlantic Forest	1700	2015	74%	U.S.A.	3.5		Brazil
Heirloom Cacao Preservation (Brasstown)	Maya Mtn, Moho R., Toledo D., 2015	1748	2016	70%	U.S.A.	3.25	Amazon	Belize
Heirloom Cacao Preservation (Fruition)	Cota Brus, Terciopelo, 2015	1748	2016	74%	U.S.A.	3.5	Amazon mix	Costa Rica
Heirloom Cacao Preservation (Guittard)	Alto Beni, Upper Rio Beni, 2014	1239	2014	67%	U.S.A.	3.5	Amazon, ICS	Bolivia
Heirloom Cacao Preservation (Guittard)	Wild Beni, Lower Rio Beni, Tranquilidad, 2014	1243	2014	67%	U.S.A.	3.0	Beniano	Bolivia
Heirloom Cacao Preservation (Guittard)	Los Rios, Hacienda Limon, Orecao, 2014	1243	2014	67%	U.S.A.	3.75	EET	Ecuador
Heirloom Cacao Preservation (Guittard)	Maunawili, O'ahu, Agri Research C., 2014	1243	2014	67%	U.S.A.	3.75		Hawaii
Heirloom Cacao Preservation (Manoa)	Maunawili, O'ahu, Agri Research C., 2015	1744	2016	72%	U.S.A.	3.5		Hawaii
Heirloom Cacao Preservation (Millcreek)	Los Rios, Hacienda Limon, Orecao, 2015	1744	2016	70%	U.S.A.	3.5	EET	Ecuador
Heirloom Cacao Preservation (Mindo)	Pinchincha, Mindo, Coop Nueva Esper., 2015	1748	2016	77%	U.S.A.	3.5	EET	Ecuador
Heirloom Cacao Preservation (Zokoko)	Alto Beni, Upper Rio Beni, 2015	1744	2016	68%	U.S.A.	3.75	Amazon, ICS	Bolivia
Heirloom Cacao Preservation (Zokoko)	Wild Beni, Lower Rio Beni, Tranquilidad, 2015	1744	2016	72%	U.S.A.	4.0	Beniano	Bolivia
hello cocoa	Uganda	1458	2015	57%	U.S.A.	2.75	Forastero	Uganda
hello cocoa	Venezuela	1462	2015	74%	U.S.A.	3.5	Criollo	Venezuela
hexx	Tanzania	1546	2015	70%	U.S.A.	2.75		Tanzania
hexx	Madagascar	1546	2015	74%	U.S.A.	3.0	Trinitario	Madagascar
hexx	Venezuela	1546	2015	70%	U.S.A.	3.0		Venezuela
hexx	Ecuador	1550	2015	73%	U.S.A.	3.25		Ecuador
hexx	Peru	1550	2015	70%	U.S.A.	3.25		Peru
Hummingbird	Lam Dong	1542	2015	70%	Canada	3.5	Trinitario	Vietnam
Hummingbird	Bolivia	1307	2014	70%	Canada	3.0	Criollo, Trinitario	Bolivia
Hummingbird	Bolivia, Bo-nib-ia, w/ nibs	1311	2014	70%	Canada	3.0	Criollo, Trinitario	Bolivia
Hummingbird	Momotombo	1311	2014	70%	Canada	3.0	Trinitario	Nicaragua
Hummingbird	Hispaniola	1311	2014	70%	Canada	3.75	Trinitario	Dominican Republic
Hummingbird	Zorzal Reserva w/ Charles Kerchner	1387	2014	70%	Canada	3.5		Dominican Republic
Hummingbird	Ocumare, Cumboto	1097	2013	70%	Canada	3.25	Trinitario, Criollo	Venezuela
Hummingbird	Amazonas	1097	2013	70%	Canada	3.75	Forastero	Venezuela
Idilio (Felchlin)	Chuao, Venezuela	1085	2013	72%	Switzerland	3.75	Trinitario	Venezuela
Idilio (Felchlin)	Coopertiva Amazona	725	2011	72%	Switzerland	3.75	Criollo	Venezuela
Idilio (Felchlin)	Sur del Lago, Amiari Meridena, Zulia, 48hr c.	725	2011	72%	Switzerland	3.75		Venezuela
Idilio (Felchlin)	Choroni, Finca Torres, 48hr c.	729	2011	72%	Switzerland	3.25	Criollo	Venezuela
Idilio (Felchlin)	Ocumare, H. Cata, 48hr c.	733	2011	72%	Switzerland	3.75	Criollo	Venezuela
Idilio (Felchlin)	Porcelana, Zulia	733	2011	74%	Switzerland	4.0	Criollo	Venezuela
Idilio (Felchlin)	Ocumare, H. Cata, w/ nibs	737	2011	72%	Switzerland	3.5	Criollo	Venezuela
Idilio (Felchlin)	Carenero Superior, Urrutia, Barlovento	737	2011	70%	Switzerland	4.0	Trinitario	Venezuela
Idilio (Felchlin)	Coopertiva Amazona w/ nibs	737	2011	72%	Switzerland	4.0	Criollo	Venezuela
Idilio (Felchlin)	Sur del Lago, Amiari Meridena, Zulia, w/ nibs	737	2011	72%	Switzerland	4.0		Venezuela
Indaphoria	La Red	821	2012	70%	U.S.A.	3.25		Dominican Republic
Indaphoria	Conacado, Manifesto	907	2012	70%	U.S.A.	2.75		Dominican Republic
Indi	Honduras	1255	2014	77%	U.S.A.	3.0		Honduras
Isidro	Madagascar	1275	2014	72%	U.S.A.	3.5	Trinitario	Madagascar
Isidro	Peru	1279	2014	72%	U.S.A.	2.25		Peru
Isidro	Belize	1279	2014	72%	U.S.A.	3.25	Trinitario	Belize
Isidro	Dominican Republic	1279	2014	72%	U.S.A.	3.25		Dominican Republic
Izard	Maya Mountain, Toledo, Batch 29	1542	2015	70%	U.S.A.	3.5	Trinitario	Belize
Izard	Elvesia P., Batch 32	1546	2015	70%	U.S.A.	2.75		Dominican Republic
Jacque Torres	Trinatario Treasure	5	2006	71%	U.S.A.	2.0	Trinitario	Ghana
Just Good Chocolate	Belize	1375	2014	70%	U.S.A.	3.5	Trinitario	Belize
Just Good Chocolate	Madagascar	1375	2014	70%	U.S.A.	3.5	Trinitario	Madagascar
Just Good Chocolate	Peru	1375	2014	70%	U.S.A.	4.0		Peru
Kerchner	La Red, Project Reserva, Guaconejo	1133	2013	70%	U.S.A.	3.75		Dominican Republic
Kiskadee	La Red, Guanconjeco	1251	2014	60%	U.S.A.	3.0	Trinitario	Dominican Republic
Kto	San Martin	1422	2014	72%	U.S.A.	2.5		Peru
Kto	Ocumare	1422	2014	72%	U.S.A.	2.75		Venezuela
Kto	Belize	1422	2014	72%	U.S.A.	3.0	Trinitario	Belize
Kto	Sambirano Valley	1422	2014	72%	U.S.A.	3.25	Trinitario	Madagascar
Kto	Belize	1426	2014	90%	U.S.A.	3.25	Trinitario	Belize
Kto	Elvesia	1426	2014	72%	U.S.A.	3.25		Dominican Republic
Kto	ROIG	1426	2014	72%	U.S.A.	3.25		Dominican Republic
K'ul	Kafupbo, Petit Bourg, De Borgnes	1840	2016	70%	U.S.A.	3.25		Haiti
K'ul	Maranon, Fortunato No. 4	1852	2016	70%	U.S.A.	2.75	Forastero (Nacional)	Peru
K'ul	Los Rios, Hacienda Limon, Heirloom	1852	2016	70%	U.S.A.	3.75		Ecuador
K'ul	Bahia, Fazenda Camboa	1852	2016	70%	U.S.A.	3.75	Forastero	Brazil
Kyya	Uganda	1359	2014	72.5%	U.S.A.	2.5	Forastero	Uganda
Kyya	Hispaniola	1359	2014	72.5%	U.S.A.	3.0		Dominican Republic
Kyya	Ecuador	1363	2014	72.5%	U.S.A.	2.5		Ecuador
Kyya	Madagascar	1363	2014	72.5%	U.S.A.	3.0	Trinitario	Madagascar
L.A. Burdick (Felchlin)	Peru	891	2012	74%	U.S.A.	3.25		Peru
L.A. Burdick (Felchlin)	Brazil	891	2012	70%	U.S.A.	4.0		Brazil
L.A. Burdick (Felchlin)	Chuao	927	2012	68%	U.S.A.	3.75	Trinitario	Venezuela
L.A. Burdick (Felchlin)	Quito	682	2011	74%	U.S.A.	3.75		Ecuador
L.A. Burdick (Felchlin)	Grenada	576	2010	75%	U.S.A.	3.25	Trinitario	Grenada
L.A. Burdick (Felchlin)	Dominican Republic	576	2010	74%	U.S.A.	3.75		Dominican Republic
L.A. Burdick (Felchlin)	Venzuela	597	2010	71%	U.S.A.	3.0		Venezuela
L.A. Burdick (Felchlin)	Madagascar	431	2009	64%	U.S.A.	3.5	Trinitario	Madagascar
L.A. Burdick (Felchlin)	Bolivian	451	2009	68%	U.S.A.	3.0		Bolivia
La Oroquidea	Peruvian Amazon	721	2011	72%	Peru	2.5		Peru
Lake Champlain (Callebaut)	Tanzania	327	2009	75%	U.S.A.	2.5		Tanzania
L'Amourette	Rugoso	1784	2016	80%	U.S.A.	3.5	Trinitario	Nicaragua
L'Amourette	Carenero Superior	833	2012	75%	U.S.A.	3.0	Trinitario	Venezuela
L'Amourette	Rio Caribe	833	2012	75%	U.S.A.	3.0	Trinitario	Venezuela
L'Amourette	Blend	853	2012	72%	U.S.A.	3.0	Criollo	Peru, Ecuador, Venezuela
Letterpress	La Masica, Batch 7, FHIA	1952	2017	70%	U.S.A.	3.5		Honduras
Letterpress	Maya Mtn, Batch 18, Heirloom	1952	2017	70%	U.S.A.	3.25		Belize
Letterpress	Liberia	1728	2016	70%	U.S.A.	3.25		Liberia
Letterpress	Beniamo	1562	2015	70%	U.S.A.	3.25		Bolivia
Letterpress	San Juan Estate, Gran Couva	1562	2015	70%	U.S.A.	3.5	Trinitario	Trinidad
Letterpress	San Andres	1566	2015	70%	U.S.A.	3.0		Costa Rica
Letterpress	La Red, Guaconejo	1566	2015	70%	U.S.A.	3.25		Domincan Republic
Letterpress	Kokoa Kamili	1566	2015	70%	U.S.A.	3.5		Tanzania
Letterpress	Maranura	1371	2014	70%	U.S.A.	3.5	Forastero (Nacional)	Peru
Lillie Belle	Perfect Illusion	855	2012	65%	U.S.A.	3.5	Criollo	Peru
Lillie Belle	Bolivia, Wild Thing	903	2012	68%	U.S.A.	3.5	Criollo	Bolivia
Lillie Belle	La Selva	903	2012	68%	U.S.A.	3.75		Peru
Lillie Belle	Purple Haze	947	2012	75%	U.S.A.	2.75		Venezuela, Dom. Rep.
Lillie Belle	The Other One, Grand Cru	947	2012	74%	U.S.A.	3.0		Dominican Republic
Lillie Belle	Wild Thing	947	2012	68%	U.S.A.	3.5	Criollo	Bolivia
Lindt & Sprungli	Excellence (US Version)	157	2007	85%	Switzerland	3.0
Lonohana	Haleiwa, O'ahu; Lonohana E., Kanahiku	1383	2014	70%	U.S.A.	3.75		Hawaii
Lonohana	Haleiwa E, O'ahu, 2014	1395	2014	65%	U.S.A.	3.25		Hawaii
Lonohana	Haleiwa E, O'ahu, 2014	1395	2014	75%	U.S.A.	3.75		Hawaii
Lonohana	Opaeula Estate, O'ahu, Nene, CG Exclusive	1093	2013	71%	U.S.A.	3.0		Hawaii
Lonohana	Opaeula Estate, O'ahu, Ele'ele	1097	2013	72%	U.S.A.	3.0		Hawaii
Lonohana	Hawaiian Crown, Kona Vanilla	1097	2013	70%	U.S.A.	3.5		Hawaii
Love Bar	Nicaragua	1502	2015	75%	U.S.A.	2.0		Nicaragua
Machu Picchu Trading Co.	Peru	721	2011	70%	Peru	1.5		Peru
Machu Picchu Trading Co.	Peru	552	2010	55%	Peru	2.25		Peru
Madre	Guadalcanal	1940	2017	73%	U.S.A.	3.5		Solomon Islands
Madre	Puerto Rico	1085	2013	70%	U.S.A.	2.75		Puerto Rico
Madre	Brazil	1085	2013	70%	U.S.A.	3.5		Brazil
Madre	Choobua, Kona	1089	2013	70%	U.S.A.	2.75		Hawaii
Madre	Xocunusco, Chiapas, Pichucalco	1089	2013	70%	U.S.A.	2.75		Mexico
Madre	Hamakua Coast, Kokoleka	991	2012	70%	U.S.A.	3.25		Hawaii
Madre	Criollo, Hawaii	995	2012	70%	U.S.A.	3.25	Criollo	Hawaii
Madre	Kaua'i	995	2012	70%	U.S.A.	3.5		Hawaii
Madre	Dominican	672	2011	70%	U.S.A.	2.5		Dominican Republic
Madre	Upala	693	2011	70%	U.S.A.	2.75		Costa Rica
Madre	Chiapas, Triple Cacao	607	2010	72%	U.S.A.	2.75		Mexico
Malie Kai (Guittard)	O'ahu, N. Shore, Waialua Estate w/ nibs	502	2010	55%	U.S.A.	3.5		Hawaii
Malie Kai (Guittard)	O'ahu, N. Shore, Waialua Estate	311	2009	55%	U.S.A.	2.75	Blend	Hawaii
Mana	Ecuador	1446	2015	74%	U.S.A.	2.5		Ecuador
Mana	Peru	1219	2014	74%	U.S.A.	2.5		Peru
Mana	Venezuela	1219	2014	74%	U.S.A.	2.75		Venezuela
Mana	Conacado	821	2012	74%	U.S.A.	3.75		Dominican Republic
Manoa	Markham Valley	1522	2015	72%	U.S.A.	3.5		Papua New Guinea
Manoa	Coto Brus	1522	2015	72%	U.S.A.	3.75		Costa Rica
Manoa	Waiahole, O'ahu	1089	2013	72%	U.S.A.	3.75		Hawaii
Manoa	Liberia, #174	1003	2012	72%	U.S.A.	3.25		Liberia
Manoa	Hamakua, Hawaiian Crown, #176	1007	2012	72%	U.S.A.	2.75		Hawaii
Manoa	Piura	1007	2012	72%	U.S.A.	3.0		Peru
Manoa	Oahu, Winward, #151, Maunawili district	1007	2012	72%	U.S.A.	3.25		Hawaii
Map Chocolate	Ben Tre, Surprise Valley	1896	2016	75%	U.S.A.	3.25	Trinitario	Vietnam
Map Chocolate	ROIG, 2014	1474	2015	70%	U.S.A.	3.5	Criollo, Trinitario	Dominican Republic
Map Chocolate	Maranon, 2014	1474	2015	62%	U.S.A.	3.5	Forastero (Nacional)	Peru
Map Chocolate	Ecuador	1478	2015	70%	U.S.A.	3.5	Trinitario	Ecuador
Map Chocolate	San Juan Estate, Cherry Blossoms at Night	1606	2015	70%	U.S.A.	2.75	Trinitario	Trinidad
Map Chocolate	A case of the Xerces Blues, triple roast	1606	2015	70%	U.S.A.	3.5		Nicaragua
Map Chocolate	Tumbes, Dear Mr. Finley, 2014	1606	2015	68%	U.S.A.	3.5	Criollo	Peru
Map Chocolate	Colombia	1610	2015	75%	U.S.A.	2.75		Colombia
Map Chocolate	Kakoa Kamili, Both Man & Bird & Beast	1610	2015	72%	U.S.A.	3.0		Tanzania
Map Chocolate	Le Chocolat Chaud	1634	2015	78%	U.S.A.	3.5		Honduras
Marana	Piura	1872	2016	70%	Peru	3.0		Peru
Marana	Cusco	1884	2016	70%	Peru	2.75		Peru
Marana	San Martin	1884	2016	70%	Peru	3.0		Peru
Marigold's Finest	Cacao Nib Crunch	1808	2016	75%	Canada	3.25
Mars	Matina 1-6, prototype	537	2010	65%	U.S.A.	3.0		Costa Rica
Mars	Ivory Coast	544	2010	65%	U.S.A.	3.0		Ivory Coast
Mars	Nigeria	544	2010	65%	U.S.A.	3.25		Nigeria
Mars	Ghana, prototype	544	2010	65%	U.S.A.	3.5	Forastero	Ghana
Marsatta	Dominican Republic	1189	2013	74%	U.S.A.	2.25		Dominican Republic
Marsatta	Dominican Republic	1189	2013	89%	U.S.A.	2.5		Dominican Republic
Martin Mayer	Alto Beni	1836	2016	76%	Austria	2.75		Bolivia
Martin Mayer	Pisa	1836	2016	82%	Austria	3.0		Haiti
Martin Mayer	Tumaco	1836	2016	74%	Austria	3.25		Colombia
Mast Brothers	Guatemala	1450	2015	76%	U.S.A.	3.0		Guatemala
Mast Brothers	Tanzania	1450	2015	74%	U.S.A.	3.25		Tanzania
Mast Brothers	French Laundry 20th Anniversary	1359	2014	75%	U.S.A.	3.75	Blend	Peru, Belize
Mast Brothers	Shake Shack	959	2012	73%	U.S.A.	3.5	Blend	Peru, Mad., Dom. Rep.
Mast Brothers	Madagascar	999	2012	72%	U.S.A.	2.5	Trinitario
Mast Brothers	Chuao	999	2012	73%	U.S.A.	2.75	Trinitario	Venezuela
Mast Brothers	Brooklyn Blend	672	2011	72%	U.S.A.	3.5
Mast Brothers	Chuao, Med. Roast	701	2011	76%	U.S.A.	3.0	Trinitario	Venezuela
Mast Brothers	Chuao, Dark Roast	709	2011	70%	U.S.A.	3.0	Trinitario	Venezuela
Mast Brothers	Chuao, Light Roast	713	2011	81%	U.S.A.	2.75	Trinitario	Venezuela
Mast Brothers	Moho River	773	2011	70%	U.S.A.	3.5	Trinitario	Belize
Mast Brothers	Papua New Guinea	777	2011	71%	U.S.A.	2.75		Papua New Guinea
Mast Brothers	San Martin	777	2011	75%	U.S.A.	3.0		Peru
Mast Brothers	Conacado	777	2011	73%	U.S.A.	3.25		Dominican Republic
Mast Brothers	La Red de Guanconejo, N. Highlands coop	777	2011	74%	U.S.A.	3.75		Dominican Republic
Mast Brothers	Patanemo	572	2010	81%	U.S.A.	2.75	Criollo	Venezuela
Mast Brothers	Ocumare de la Costa	572	2010	75%	U.S.A.	3.0		Venezuela
Mast Brothers	Dominican Republic, Coop	572	2010	70%	U.S.A.	3.25		Dominican Republic
Maverick	Maya Mountain	1367	2014	70%	U.S.A.	3.25	Trinitario	Belize
Maverick	Elvesia	1367	2014	70%	U.S.A.	3.25		Dominican Republic
Maverick	Tumbes	1430	2014	82%	U.S.A.	3.25	Criollo	Peru
Maverick	Morropon, Norandiono Coop, Piura	1430	2014	63%	U.S.A.	3.5	Criollo	Peru
Mayacama	Hispaniola	1728	2016	72%	U.S.A.	3.0		Domincan Republic
Meadowlands	Bolivia	1287	2014	70%	U.S.A.	2.5		Bolivia
Meadowlands	Venezuela	1287	2014	70%	U.S.A.	2.75		Venezuela
Meadowlands	Belize	1287	2014	70%	U.S.A.	3.0	Trinitario	Belize
Meadowlands	Nicaragua, w/ inbs	1291	2014	70%	U.S.A.	3.0		Nicaragua
Meadowlands	Dominican Republic	1291	2014	70%	U.S.A.	3.5		Dominican Republic
Middlebury	Maya Mountain	1490	2015	80%	U.S.A.	3.5	Trinitario	Belize
Middlebury	San Juan Estate	1490	2015	70%	U.S.A.	3.5	Trinitario	Trinidad
Middlebury	Oko Caribe	1490	2015	75%	U.S.A.	3.75		Dominican Republic
Middlebury	Patanemo, Epoch, Donaldo	1490	2015	75%	U.S.A.	3.75		Venezuela
Middlebury	Kokoa Kamili	1538	2015	75%	U.S.A.	3.25		Tanzania
Middlebury	Matagalpa, Cacao Bisiesto	1538	2015	70%	U.S.A.	3.5		Nicaragua
Middlebury	La Red	1117	2013	75%	U.S.A.	2.5		Dominican Republic
Middlebury	Belize	1117	2013	80%	U.S.A.	3.25	Trinitario	Belize
Middlebury	Houseblend	887	2012	65%	U.S.A.	1.5
Middlebury	Alto Beni	887	2012	75%	U.S.A.	2.0	Criollo	Bolivia
Middlebury	Balinese, Java	887	2012	70%	U.S.A.	2.5	Criollo	Indonesia
Millcreek Cacao Roasters	Ecuador	1073	2013	70%	U.S.A.	2.5	Forastero (Nacional)	Ecuador
Millcreek Cacao Roasters	Ecuador	825	2012	70%	U.S.A.	3.5		Ecuador
Mindo	Ecuador	607	2010	67%	U.S.A.	2.75		Ecuador
Mindo	Ecuador	607	2010	77%	U.S.A.	2.75		Ecuador
Moho	Toledo District, w/ nibs	1026	2013	73%	U.S.A.	3.25	Trinitario	Belize
Moho	Toledo District	1030	2013	72%	U.S.A.	3.0	Trinitario	Belize
Moho	Umoho R., Toledo District, San Felipe	607	2010	67%	U.S.A.	2.75	Trinitario	Belize
Molucca	La Red	1614	2015	70%	U.S.A.	3.0		Domincan Republic
Molucca	Indonesia	1618	2015	70%	U.S.A.	2.75		Indonesia
Molucca	Peru	1618	2015	70%	U.S.A.	3.25		Peru
Monarque	Oko Caribe	1812	2016	72%	Canada	3.5		Dominican Republic
Muchomas (Mesocacao)	Nicaragua	1462	2015	70%	U.S.A.	3.5		Nicaragua
Muchomas (Mesocacao)	Nicaragua	1462	2015	80%	U.S.A.	3.5		Nicaragua
Mutari	Kokoa Kamili, batch 1 SRB	1896	2016	68%	U.S.A.	2.75		Tanzania
Mutari	Oko Caribe, batch 1 SRB	1896	2016	71%	U.S.A.	2.75		Domincan Republic
Mutari	Ambanja, batch 1 SRB	1900	2016	68%	U.S.A.	2.75		Madagascar
Mutari	Tien Giang, batch 1 SRB	1900	2016	80%	U.S.A.	3.0	Trinitario	Vietnam
Nanea	Criollo Blend	1007	2013	85%	U.S.A.	3.5		Hawaii
Nathan Miller	Peru	1403	2014	72%	U.S.A.	2.25		Peru
Nathan Miller	Hispaniola	1403	2014	70%	U.S.A.	2.5		Dominican Republic
Nathan Miller	Madagascar	1403	2014	73.5%	U.S.A.	2.5	Trinitario	Madagascar
Nathan Miller	Ghana	1403	2014	70%	U.S.A.	3.5	Forastero	Ghana
Neuhaus (Callebaut)	Papua New Guinea	531	2010	70%	Belgium	2.5	Criollo	Papua New Guinea
Neuhaus (Callebaut)	Manickchand Estate	230	2008	67%	Belgium	3.75	Trinitario	Trinidad
Neuhaus (Callebaut)	Dark	135	2007	73%	Belgium	1.0
Neuhaus (Callebaut)	West Africa	15	2006	73%	Belgium	2.0	Forastero	West Africa
Neuhaus (Callebaut)	Sao Tome	15	2006	75%	Belgium	2.75	Forastero	Sao Tome
Neuhaus (Callebaut)	Ocumare	24	2006	71%	Belgium	3.0	Criollo	Venezuela
Nibble	Patanemo	1526	2015	72%	U.S.A.	2.25	Criollo	Venezuela
Nibble	Elvesia P.	1526	2015	72%	U.S.A.	2.75	Trinitario	Dominican Republic
Nibble	Ambanja, Sambirano Valley	1526	2015	72%	U.S.A.	3.0	Trinitario	Madagascar
Nibble	Tumbes	1526	2015	72%	U.S.A.	3.0	Criollo	Peru
Night Owl	Peru	1022	2013	75%	U.S.A.	2.75		Peru
Night Owl	Ecuador	1022	2013	75%	U.S.A.	3.5		Ecuador
Noble Bean aka Jerjobo	Ghana	1295	2014	75%	U.S.A.	3.0	Forastero	Ghana
Noble Bean aka Jerjobo	Moho Valley	1299	2014	75%	U.S.A.	3.0	Trinitario	Belize
Noble Bean aka Jerjobo	Maranon Canyon	1299	2014	75%	U.S.A.	3.25	Forastero (Nacional)	Peru
Noir d' Ebine	Venezuela	837	2012	70%	U.S.A.	3.0		Venezuela
Noir d' Ebine	Ecuador	841	2012	70%	U.S.A.	3.0		Ecuador
Nuance	Ghana, 2013	1454	2015	70%	U.S.A.	3.75	Forastero	Ghana
Nuance	Ecuador, 2013	1458	2015	70%	U.S.A.	2.75	Trinitario	Ecuador
Nuance	Canoabo, 2013	1458	2015	70%	U.S.A.	3.0	Criollo	Venezuela
Nuance	Sambirano Valley, 2012	1458	2015	70%	U.S.A.	3.5	Trinitario	Madagascar
Nuance	La Red	1470	2015	70%	U.S.A.	3.75		Dominican Republic
Oakland Chocolate Co.	Jamaica	478	2010	70%	U.S.A.	2.5	Trinitario	Jamaica
Ohiyo	San Juan Estate, Gran Couva	1594	2015	70%	U.S.A.	2.75	Trinitario	Trinidad
Ohiyo	Tanzania	1598	2015	70%	U.S.A.	3.0		Tanzania
Olive and Sinclair	Dominican Republic prototype	486	2010	72%	U.S.A.	3.0		Dominican Republic
Olive and Sinclair	Ghana prototype	486	2010	72%	U.S.A.	3.0	Forastero	Ghana
Olive and Sinclair	Dark 67	457	2009	67%	U.S.A.	2.75		Ghana, Domin. Rep
Olive and Sinclair	Dark 75	457	2009	75%	U.S.A.	3.0		Ghana, Domin. Rep
Olivia	Carribean-Raw	688	2011	76%	Canada	2.0		Carribean
Olivia	Carribean	688	2011	76%	Canada	2.75		Carribean
Olivia	Carribean	688	2011	85%	Canada	2.75		Carribean
Olivia	Carribean-Raw	688	2011	85%	Canada	3.0		Carribean
organicfair	Maya Mountain	1161	2013	74%	Canada	2.75	Trinitario	Belize
organicfair	La Red	1165	2013	72%	Canada	2.75		Dominican Republic
organicfair	Nicaraqua	1165	2013	72%	Canada	2.75	Trinitario	Nicaragua
organicfair	Caribe	1165	2013	72%	Canada	3.0		Dominican Republic
organicfair	Mindo	1165	2013	72%	Canada	3.0	Trinitario	Ecuador
Original Beans (Felchlin)	Papua Kerafat	1438	2014	68%	Switzerland	2.75		Papua New Guinea
Original Beans (Felchlin)	Grand Cru Blend No.1, 5 yr. Anniversary Ed	1442	2014	80%	Switzerland	3.25	Blend
Original Beans (Felchlin)	Alto Beni, Wild Harvest, Itenez R. 24hr c.	733	2011	66%	Switzerland	3.75		Bolivia
Original Beans (Felchlin)	D.R. Congo, Cru Virunga	331	2009	70%	Switzerland	3.0	Forastero	Congo
Original Beans (Felchlin)	"Piura, Apotequil, ""Porcelana"" 72hr c."	341	2009	75%	Switzerland	3.0	Criollo	Peru
Original Beans (Felchlin)	Alto Beni, Wild Harvest, Itenez R., 60hr c.	341	2009	68%	Switzerland	3.25		Bolivia
Original Hawaiin Chocolate Factory	Hawai'i, Kona Grand Cru E.	316	2009	60%	U.S.A.	3.0	Criollo	Hawaii
Original Hawaiin Chocolate Factory	Hawai'i, Kona Estate Grown	24	2006	60%	U.S.A.	3.0		Hawaii
Orquidea	Peru	859	2012	65%	Peru	3.0		Peru
Orquidea	Peru	859	2012	72%	Peru	3.0		Peru
Palette de Bine	Lachua	1720	2016	70%	Canada	2.75		Guatemala
Palette de Bine	Maya Mtn	1720	2016	72%	Canada	3.0	Trinitario	Belize
Palette de Bine	Silvestre, La Paz, Beni	1570	2015	70%	Canada	3.25		Bolivia
Palette de Bine	San Juan Estate, Gran Couva	1570	2015	70%	Canada	3.25	Trinitario	Trinidad
Palette de Bine	Kokoa Kamili	1574	2015	72%	Canada	3.5		Tanzania
Palette de Bine	Lam Dong	1574	2015	72%	Canada	3.75	Trinitario	Vietnam
Palette de Bine	Alto Beni, Palos Blancos	1239	2014	72%	Canada	2.75		Bolivia
Palette de Bine	Sambirano	1239	2014	78%	Canada	3.75	Trinitario	Madagascar
Palette de Bine	Camino Verde P., Balao, Guayas	1303	2014	75%	Canada	2.75		Ecuador
Palette de Bine	Duo- Gran Couva & Camino Verde	1399	2014	75%	Canada	3.5	Blend	Trinidad, Ecuador
Palette de Bine	Gran Couva	1399	2014	70%	Canada	3.75	Trinitario	Trinidad
Park 75	South America	1363	2014	65%	U.S.A.	3.5		South America
Parliament	Kilombero Valley	1856	2016	70%	U.S.A.	3.25		Tanzania
Parliament	Lachua, Q'egchi families	1542	2015	70%	U.S.A.	3.5		Guatemala
Parliament	Alto Beni	1251	2014	70%	U.S.A.	3.0		Bolivia
Parliament	Oko Caribe	1255	2014	70%	U.S.A.	3.5		Dominican Republic
Pascha	Peru	1137	2013	55%	Peru	2.5		Peru
Pascha	Peru	1137	2013	70%	Peru	2.75		Peru
Patric	Signature Blend	636	2011	70%	U.S.A.	3.75	Blend
Patric	Madagascar	331	2009	75%	U.S.A.	4.0	Trinitario	Madagascar
Patric	Madagascar	439	2009	67%	U.S.A.	3.5	Trinitario	Madagascar
Patric	Rio Caribe, Paria Penninsula	439	2009	70%	U.S.A.	3.5	Trinitario	Venezuela
Patric	Madagascar	196	2007	70%	U.S.A.	4.0	Trinitario	Madagascar
Patric	Piura, Choc. Garage Exclusive	1034	2013	67%	U.S.A.	4.0		Peru
Peppalo	Dominican Republic	1454	2015	82%	U.S.A.	3.0		Dominican Republic
Pierre Marcolini	Haut Penja, w/ nibs	1658	2015	70%	Belgium	3.25	Forastero	Cameroon
Pierre Marcolini	Chuao	478	2010	75%	Belgium	3.0	Criollo	Venezuela
Pierre Marcolini	Trinite	478	2010	75%	Belgium	3.25	Trinitario	Trinidad
Pierre Marcolini	Baracoa, Cuba	516	2010	78%	Belgium	3.75	Criollo, Forastero	Cuba
Pierre Marcolini	Peru, Las Pampas P.	531	2010	85%	Belgium	3.0	Criollo	Peru
Pierre Marcolini	Bahia Brazil, Fazenda Sao Pedro	414	2009	72%	Belgium	3.0	Forastero	Brazil
Pierre Marcolini	Porcelana, Tabasco, Finca La Joya	445	2009	72%	Belgium	3.0	Criollo	Mexico
Pierre Marcolini	Cabosse	111	2007	70%	Belgium	4.0	Blend	Venezuela, Java
Pierre Marcolini	Los Rios, Puerto Romero, Equateur	129	2007	72%	Belgium	3.75	Forastero (Nacional)	Ecuador
Pierre Marcolini	Sambirano, Ambanja, Madagascar	141	2007	72%	Belgium	4.0	Trinitario	Madagascar
Pierre Marcolini	Fleur de Cacao	166	2007	85%	Belgium	3.5	Blend	Venezuela/ Ghana
Pierre Marcolini	Porcelana, Tabasco, Limited Ed.	81	2006	72%	Belgium	4.0	Criollo	Mexico
Pierre Marcolini	Kendem Lembu, Java	93	2006	72%	Belgium	3.0	Criollo	Indonesia
Pierre Marcolini	Ocumare, Puerto Cabello, Venezuela	93	2006	72%	Belgium	4.0	Criollo	Venezuela
Pinellas	Wampusirpi Region	1772	2016	80%	U.S.A.	2.5		Honduras
Pitch Dark	Tenor	1506	2015	62%	U.S.A.	2.5		Nicaragua
Pitch Dark	Johe	1506	2015	80%	U.S.A.	2.75		Nicaragua
Pitch Dark	Chuno	1510	2015	80%	U.S.A.	2.75	Criollo, Trinitario	Nicaragua
Pitch Dark	Nicalizo	1510	2015	80%	U.S.A.	2.75	Trinitario	Nicaragua
Pitch Dark	Rugoso	1510	2015	80%	U.S.A.	3.25		Nicaragua
Pitch Dark	Akesson Estate	1311	2014	73%	U.S.A.	3.25	Trinitario	Madagascar
Pitch Dark	Namau Village	1315	2014	73%	U.S.A.	2.5	Trinitario	Fiji
Pitch Dark	"Camino Verde P., Balao, Guayas, ""Fruity"""	1319	2014	73%	U.S.A.	3.25		Ecuador
Pitch Dark	"Camino Verde P., Balao, Guayas, ""Floral"""	1319	2014	73%	U.S.A.	3.5		Ecuador
Pomm (aka Dead Dog)	La Red, 2011	829	2012	76%	U.S.A.	2.5		Dominican Republic
Pomm (aka Dead Dog)	Peru	829	2012	82%	U.S.A.	2.75	Criollo	Peru
Potomac	Oko Caribe, Duarte Province, 2016 H.	1820	2016	70%	U.S.A.	3.75		Domincan Republic
Potomac	Cuyagua, 2013	1387	2014	70%	U.S.A.	3.75		Venezuela
Potomac	Upala w/ nibs	647	2011	70%	U.S.A.	3.5	Matina	Costa Rica
Potomac	Upala, Batch 18	654	2011	70%	U.S.A.	3.0	Matina	Costa Rica
Potomac	San Martin, Amazonian Highlands	789	2011	70%	U.S.A.	2.75		Peru
Potomac	Bahia	789	2011	70%	U.S.A.	3.5		Brazil
Potomac	Upala, Batch 12	607	2010	82%	U.S.A.	3.75	Matina	Costa Rica
Raaka	Amazon Basin Blend	1788	2016	70%	U.S.A.	3.0		Peru(SMartin,Pangoa,nacional)
Raaka	Virunga	1708	2015	75%	U.S.A.	2.75	Forastero	Congo
Raaka	Madagascar	959	2012	75%	U.S.A.	3.25	Trinitario	Madagascar
Raaka	La Red	785	2011	85%	U.S.A.	3.5		Dominican Republic
Ranger	San Martin, Batch 2	1558	2015	70%	U.S.A.	2.5		Peru
Ranger	Chulucanas, Batch 1	1562	2015	80%	U.S.A.	3.25		Peru
Ranger	Tumbes, Batch 2	1562	2015	73%	U.S.A.	3.5	Criollo	Peru
Ritual	Camino Verde P., Balao, 2015 harvest, batch8	1860	2016	75%	U.S.A.	3.75		Ecuador
Ritual	Camino Verde P., Balao, Guayas, 2014	1466	2015	85%	U.S.A.	3.5		Ecuador
Ritual	Mid Mountain, 2014	1466	2015	70%	U.S.A.	3.5	Blend
Ritual	Toledo District, Maya	1089	2013	75%	U.S.A.	3.75	Trinitario	Belize
Ritual	Maranon, Cajamarca	1181	2013	75%	U.S.A.	3.0	Forastero (Nacional)	Peru
Ritual	Sambirano	891	2012	75%	U.S.A.	4.0	Trinitario	Madagascar
Ritual	Camino Verde P., 2012, Balao, Guayas	967	2012	75%	U.S.A.	3.25	Nacional (Arriba)	Ecuador
Ritual	Gran Couva	979	2012	75%	U.S.A.	3.5	Trinitario	Trinidad
Ritual	Costa Rica	745	2011	75%	U.S.A.	3.5		Costa Rica
Rogue	La Masica, Batch 1, FHIA Research Center	1748	2016	75%	U.S.A.	3.75		Honduras
Rogue	Caranero, Choc. Garage Exclusive	1446	2015	70%	U.S.A.	3.75		Venezuela
Rogue	Tranquilidad, Batch 1	1566	2015	75%	U.S.A.	3.25		Bolivia
Rogue	Porcelana	1209	2014	80%	U.S.A.	3.75	Criollo	Venezuela
Rogue	Akessons Estate, Sambirano, 2013	1038	2013	70%	U.S.A.	3.5	Trinitario	Madagascar
Rogue	Hispaniola, 2013	1081	2013	70%	U.S.A.	3.5		Dominican Republic
Rogue	Silvestre, Batch 7, 2013	1081	2013	75%	U.S.A.	4.0		Bolivia
Rogue	Bachelor's Hall E., St. Thomas Parish	1193	2013	75%	U.S.A.	3.75	Trinitario	Jamaica
Rogue	Camino Verde P., Balao, Guayas	979	2012	75%	U.S.A.	3.75	Nacional (Arriba)	Ecuador
Rogue	Silvestre, Batch 1, 2011	793	2011	75%	U.S.A.	3.0	Criollo	Bolivia
Rogue	Piura	565	2010	75%	U.S.A.	3.75		Peru
Rogue	Rio Caribe	327	2009	70%	U.S.A.	3.5	Trinitario	Venezuela
Rogue	Hispaniola, 2008	213	2008	70%	U.S.A.	2.75		Dominican Republic
Rogue	Jamaica	213	2008	70%	U.S.A.	2.75	Trinitario	Jamaica
Rogue	Sambirano, 2008	213	2008	70%	U.S.A.	2.75	Trinitario	Madagascar
Rogue	Trinidad	213	2008	70%	U.S.A.	3.0	Trinitario	Trinidad
Sacred	Midnight	813	2012	83%	U.S.A.	2.75		Central and S. America
Sacred	Twilight	813	2012	69%	U.S.A.	3.25		Central and S. America
Scharffen Berger	San Juan de Cheni	959	2012	78%	U.S.A.	4.0		Peru
Scharffen Berger	Markham Valley	781	2011	68%	U.S.A.	3.75		Papua New Guinea
Scharffen Berger	Camahogne	464	2010	68%	U.S.A.	3.5	Trinitario	Grenada
Scharffen Berger	Amina	464	2010	65%	U.S.A.	3.75	Trinitario, Criollo	Madagascar
Scharffen Berger	Tome Acu	336	2009	68%	U.S.A.	3.75		Brazil
Scharffen Berger	Asante	336	2009	65%	U.S.A.	4.0	Forastero	Ghana
Scharffen Berger	Ben Tre	445	2009	72%	U.S.A.	3.75	Trinitario	Vietnam
Scharffen Berger	Finisterra	227	2008	72%	U.S.A.	3.0	Blend	Ven., Trinidad, Mad.
Scharffen Berger	Las Islas	117	2007	72%	U.S.A.	3.0	Blend	Carribean(DR/Jam/Tri)
Scharffen Berger	Nibby	135	2007	62%	U.S.A.	3.0
Scharffen Berger	Cuyagua	135	2007	75%	U.S.A.	3.75		Venezuela
Scharffen Berger	Antilles (Trin/Gren/DR/Ven)	188	2007	75%	U.S.A.	3.0	Blend	Carribean
Scharffen Berger	Extra Dark	15	2006	82%	U.S.A.	2.0
Scharffen Berger	Bittersweet	15	2006	70%	U.S.A.	3.5	Blend
Scharffen Berger	Kumasi Sambirano	40	2006	68%	U.S.A.	2.0	Blend	Ghana & Madagascar
Scharffen Berger	Jamaica a l'ancienne	56	2006	70%	U.S.A.	2.0	Trinitario	Jamaica
Scharffen Berger	Semisweet	56	2006	62%	U.S.A.	3.0	Blend
Shark Mountain	Jamaica	1450	2015	72%	U.S.A.	3.25	Trinitario	Jamaica
Shark Mountain	Papua New Guinea	1450	2015	73%	U.S.A.	3.5	Forastero	Papua New Guinea
Shark Mountain	Cuyagua	1466	2015	77%	U.S.A.	2.75	Criollo	Venezuela
Shark Mountain	ROIG	1466	2015	74%	U.S.A.	3.5	Criollo, Trinitario	Dominican Republic
Shark Mountain	Ecuador	1335	2014	75%	U.S.A.	3.0	Trinitario	Ecuador
Shark Mountain	Belize, 2013	1335	2014	72%	U.S.A.	3.25	Criollo, Trinitario	Belize
Shark's	Hilo	713	2011	73%	U.S.A.	2.0		Hawaii
Shark's	Hilo, w/ added cocoa butter	721	2011	73%	U.S.A.	2.5		Hawaii
Shattel	Tingo Maria	1884	2016	70%	Peru	3.25		Peru
Shattell	Porcelana	757	2011	75%	Peru	3.5	Criollo	Peru
Sibu Sura	Peru	911	2012	70%	U.S.A.	2.5		Peru
Sirene	Wild Bolivia	1788	2016	73%	Canada	3.5		Bolivia
Sirene	Kokoa Kamili Coop	1856	2016	73%	Canada	3.5		Tanzania
Sirene	Esmeraldas, Salazar Farm	1860	2016	73%	Canada	3.75		Ecuador
Sirene	Somia Plantation, 2012	1502	2015	100%	Canada	3.0	Trinitario	Madagascar
Sirene	Camino Verde P., Balao, Guayas, 2012	1506	2015	100%	Canada	3.0		Ecuador
Sirene	Lachua w/ cane sugar	1614	2015	73%	Canada	3.0		Guatemala
Sirene	Lachua w/ maple sugar, batch 5	1614	2015	73%	Canada	3.25		Guatemala
Sirene	Pisa	1650	2015	73%	Canada	3.25		Haiti
Sirene	Somia Plantation, 2012	1339	2014	67%	Canada	3.75	Trinitario	Madagascar
Sirene	Somia Plantation, 2012	1339	2014	73%	Canada	3.75	Trinitario	Madagascar
Sirene	Camino Verde P., Balao, Guayas	1343	2014	73%	Canada	3.75		Ecuador
Sjolinds	Ghana	1454	2015	70%	U.S.A.	2.75	Forastero	Ghana
Sjolinds	Nicaragua	1462	2015	72%	U.S.A.	3.0		Nicaragua
Snake & Butterfly	Ghana	693	2011	67%	U.S.A.	1.5	Forastero	Ghana
Snake & Butterfly	Madagascar	502	2010	68%	U.S.A.	3.0	Trinitario	Madagascar
Snake & Butterfly	Ecuador	502	2010	68%	U.S.A.	3.25		Ecuador
Sol Cacao	Ecuador, Batch 1	1812	2016	70%	U.S.A.	3.5		Ecuador
Sol Cacao	Madagascar	1518	2015	72%	U.S.A.	3.0	Trinitario	Madagascar
Solstice	Bundibugyo	1335	2014	70%	U.S.A.	3.0	Forastero, Trinitario	Uganda
Solstice	Sambirano	1157	2013	70%	U.S.A.	3.0	Trinitario	Madagascar
Solstice	Amazonas	1157	2013	70%	U.S.A.	3.0		Venezuela
Solstice	Bolivia	1161	2013	70%	U.S.A.	3.25		Bolivia
Solstice	San Martin	1161	2013	70%	U.S.A.	3.25		Peru
Solstice	Wasatch	1161	2013	70%	U.S.A.	3.5	Blend
Soma	Oko Caribe, Duarte P., Collab w Chocosol	1820	2016	62%	Canada	3.5		Domincan Republic
Soma	Sambirano Valley, Black Science, B-60307.0	1820	2016	70%	Canada	3.5	Trinitario	Madagascar
Soma	Bahia Black, batch bra50722.1	1828	2016	70%	Canada	3.5	Forastero (Parazinho)	Brazil
Soma	Abstract S. w/ Jamaica nibs,batch abs60323.0	1828	2016	75%	Canada	3.75		Ven.,Ecu.,Peru,Nic.
Soma	Chuno, San Jose de Bocay, Pantasma R.,B.S.	1828	2016	70%	Canada	3.75	Trinitario	Nicaragua
Soma	Tien Giang, Black S., batch VIT60420.0	1828	2016	70%	Canada	4.0	Trinitario	Vietnam
Soma	Camino Verde, Black S., batch cvu6030.0	1832	2016	70%	Canada	3.25		Ecuador
Soma	CSB Chama	1594	2015	70%	Canada	3.5	Criollo	Venezuela
Soma	Porcelana	1594	2015	75%	Canada	4.0		Venezuela
Soma	La Tronca, Matagalpa	1227	2014	70%	Canada	3.5		Nicaragua
Soma	Maranon Canyon	1259	2014	70%	Canada	3.75	Forastero (Nacional)	Peru
Soma	La Dalia	1307	2014	70%	Canada	3.25	Trinitario	Nicaragua
Soma	Camino Verde P., Balao, Guayas	1307	2014	80%	Canada	3.5	Forastero (Nacional)	Ecuador
Soma	Espiritu Santo, 'Smoke Monster'	1307	2014	70%	Canada	3.75	Forastero (Amelonado)	Vanuatu
Soma	Little Big Man	1339	2014	70%	Canada	3.25	Blend	Madagascar & Ecuador
Soma	Rizek Cacao, Domin. Rep.	1019	2013	77%	Canada	3.75	Trinitario	Dominican Republic
Soma	Java	1030	2013	70%	Canada	3.25	Criollo	Indonesia
Soma	Apurimac, El Quinacho Co-op	1073	2013	70%	Canada	2.75	Criollo	Peru
Soma	Sangre Grande P., Trinidad	1073	2013	70%	Canada	3.75	Trinitario	Trinidad
Soma	Chef's Blend	1077	2013	70%	Canada	3.25
Soma	Patanemo	1077	2013	70%	Canada	3.75	Criollo	Venezuela
Soma	Crazy 88	1077	2013	88%	Canada	4.0		Guat., D.R., Peru, Mad., PNG
Soma	Maracaibo, El Vigia	1077	2013	70%	Canada	4.0	Criollo	Venezuela
Soma	Equator	1081	2013	67%	Canada	4.0		Peru, Dom. Rep
Soma	Orinoco	1173	2013	70%	Canada	3.25	Forastero	Venezuela
Soma	Bachelor's Hall E., St. Thomas Parish	1177	2013	70%	Canada	4.0	Trinitario	Jamaica
Soma	Noula Coop	817	2012	70%	Canada	3.25		Haiti
Soma	O'ahu	833	2012	70%	Canada	3.75		Hawaii
Soma	Dual Origins, Sambirano, Elvesia	867	2012	70%	Canada	4.0	Blend	Dom. Rep., Madagascar
Soma	Dancing in Your Head, 5 bean blend	867	2012	70%	Canada	4.0	Blend	Gre., PNG, Haw., Haiti, Mad
Soma	Cahabon Region	951	2012	70%	Canada	3.5	Trinitario	Guatemala
Soma	Carenero Superior	951	2012	70%	Canada	3.75	Trinitario	Venezuela
Soma	Eastern Promises	967	2012	70%	Canada	3.5	Blend	Mad., Java, PNG
Soma	Papua New Guinea	983	2012	85%	Canada	3.5	Trinitario	Papua New Guinea
Soma	Grenada, Black Science	676	2011	70%	Canada	2.75	Trinitario	Grenada
Soma	Alto Beni, Wild Bolivian	676	2011	70%	Canada	3.5	Nacional	Bolivia
Soma	Peruvian	676	2011	64%	Canada	4.0		Peru
Soma	Three Amigos(Chuao, Wild Bolivia, D.R.)	676	2011	70%	Canada	4.0		Ven, Bolivia, D.R.
Soma	Elvesia P., Black Science	682	2011	70%	Canada	3.75	Forastero	Dominican Republic
Soma	Chuao	688	2011	70%	Canada	3.5	Criollo	Venezuela
Soma	Black Science Blend 1	607	2010	70%	Canada	3.75	Trinitario, Nacional	DR, Ecuador, Peru
Soma	Hispaniola	377	2009	70%	Canada	3.0	Forastero	Dominican Republic
Soma	Africa	377	2009	70%	Canada	3.5	Forastero	Ghana
Soma	Conacado	387	2009	70%	Canada	3.0	Trinitario	Dominican Republic
Soma	Papua New Guinea	387	2009	70%	Canada	3.5	Trinitario	Papua New Guinea
Soma	Madagascar	387	2009	70%	Canada	3.75	Criollo	Madagascar
Soma	Ocumare	387	2009	70%	Canada	3.75	Criollo	Venezuela
Somerville	Nicaragua	1367	2014	70%	U.S.A.	3.25		Nicaragua
Somerville	Hawaiian, Big Island	1395	2014	70%	U.S.A.	3.5		Hawaii
Soul	Dominican Republic	1932	2017	70%	Canada	3.25		Dominican Republic
Soul	Madagascar	1936	2017	70%	Canada	3.5		Madagascar
Soul	Venezuela	1936	2017	75%	Canada	3.5		Venezuela
Soul	Ecuador	1936	2017	75%	Canada	3.25		Ecuador
Soul	Papua New Guinea	1936	2017	77%	Canada	3.25		Papua New Guinea
Soul	Tanzania	1940	2017	80%	Canada	3.5		Tanzania
Spagnvola	AgroCriso Plantation	793	2012	70%	U.S.A.	3.0		Dominican Republic
Spagnvola	AgroCriso Plantation	793	2012	80%	U.S.A.	3.0		Dominican Republic
Spagnvola	AgroCriso Plantation	793	2012	75%	U.S.A.	3.25		Dominican Republic
Spencer	Dominican Republic	1932	2017	70%	U.S.A.	3.75		Dominican Republic
Spencer	Ecuador	1932	2017	70%	U.S.A.	3.5		Ecuador
Spencer	Peru	1932	2017	70%	U.S.A.	2.75		Peru
Sprungli (Felchlin)	Alto Beni	1057	2013	70%	Switzerland	3.0	Criollo	Bolivia
SRSLY	Dominican Republic	1113	2013	70%	U.S.A.	3.0		Dominican Republic
SRSLY	Dominican Republic	1121	2013	84%	U.S.A.	2.25		Dominican Republic
Starchild	Bolivar, Arriba	1634	2015	70%	U.S.A.	3.0	Forastero (Nacional)	Ecuador
Starchild	Hispaniola	1692	2015	70%	U.S.A.	3.0		Domincan Republic
Starchild	Cacao Verapaz	1692	2015	70%	U.S.A.	3.0		Guatemala
Starchild	Rio Tuma	1692	2015	70%	U.S.A.	3.0	Trinitario (Amelonado)	Nicaragua
Starchild	Sambirano Valley	1696	2015	70%	U.S.A.	3.0	Trinitario	Madagascar
Stella (aka Bernrain)	Bahia, Agri-Forestal Plantation, 2010	859	2012	68%	Switzerland	2.75	Trinitario	Brazil
Stella (aka Bernrain)	India	729	2011	72%	Switzerland	3.25		India
Stone Grindz	Ecuador, Midnight Dark	1291	2014	84%	U.S.A.	3.5		Ecuador
Stone Grindz	Ecuador, Twilght Dark	1291	2014	70%	U.S.A.	3.5		Ecuador
StRita Supreme	Samar, East Visayas region	939	2012	65%	U.S.A.	2.5		Philippines
StRita Supreme	Samar, East Visayas region	943	2012	70%	U.S.A.	2.5		Philippines
StRita Supreme	Samar, East Visayas region	943	2012	75%	U.S.A.	2.75		Philippines
Sublime Origins	Sambirano	1157	2013	67%	U.S.A.	2.75	Trinitario	Madagascar
Sublime Origins	Moho Valley	1157	2013	78%	U.S.A.	3.25	Trinitario	Belize
Tabal	Costa Rica	1101	2013	70%	U.S.A.	2.75		Costa Rica
Tabal	Dominican Republic	1101	2013	70%	U.S.A.	2.75		Dominican Republic
Tabal	Chiapas, Lacandon Jungle	1105	2013	70%	U.S.A.	2.5		Mexico
Tabal	Peru	1105	2013	70%	U.S.A.	3.0		Peru
Taza	Belize	1271	2014	68%	U.S.A.	3.0	Trinitario	Belize
Taza	Alto Beni	785	2011	87%	U.S.A.	3.25		Bolivia
Taza	Chiapan	451	2009	75%	U.S.A.	2.75		Mexico
Taza	Dark, Stone Ground	180	2007	70%	U.S.A.	3.0		Dominican Republic
TCHO	West Africa	1716	2016	62%	U.S.A.	2.0	Forastero	West Africa
TCHO	Peru- Ecuador	915	2012	99%	U.S.A.	3.25		Peru, Ecuador
TCHO	TCHOPro 60.5	387	2009	60%	U.S.A.	2.75
TCHO	TCHOPro 68	387	2009	68%	U.S.A.	3.0
TCHO	Chocolatey-beta	199	2008	70%	U.S.A.	2.5	Forastero	Ghana
TCHO	Fruity-beta	280	2008	70%	U.S.A.	2.5		Peru
TCHO	Citrus-beta	280	2008	70%	U.S.A.	2.75		Madagascar
TCHO	Nutty-beta	284	2008	70%	U.S.A.	2.5		Peru
Tejas	Concepcion	801	2012	70%	U.S.A.	2.75		Madagascar
Tejas	Bayou Blend	801	2012	70%	U.S.A.	3.0	Blend	Ecuador, Mad., PNG
Tejas	Aranama	805	2012	70%	U.S.A.	3.0		Papua New Guinea
Tejas	Presidio	805	2012	70%	U.S.A.	3.5		Dominican Republic
Tejas	La Bahia, w/ cane juice	817	2012	70%	U.S.A.	3.25		Ecuador
Tejas	Capistrano	821	2012	70%	U.S.A.	2.0		Peru
Tejas	La Bahia, w/ cane sugar	825	2012	70%	U.S.A.	3.25		Ecuador
Tejas	San Jose	829	2012	70%	U.S.A.	2.75		Bolivia
Tejas	Capistrano*	829	2012	70%	U.S.A.	3.0		Madagascar
Tejas	Espada	833	2012	70%	U.S.A.	3.25		Mexico
Tejas	Espada	967	2012	70%	U.S.A.	2.75		Brazil
Tejas	Concepcion*	971	2012	80%	U.S.A.	3.0		Venezuela
Tejas	San Jose	971	2012	67%	U.S.A.	3.25		Bolivia
Tejas	Bahia, Floresta Azul,Good Friends Reserve#3	971	2012	70%	U.S.A.	3.5	Forastero (Parazinho)	Brazil
Terroir	Peru	1478	2015	70%	U.S.A.	2.75		Peru
Terroir	Belize	1478	2015	70%	U.S.A.	3.75	Trinitario	Belize
Terroir	Madagascar	1478	2015	70%	U.S.A.	3.75	Trinitario	Madagascar
Terroir	Ecuador	1482	2015	70%	U.S.A.	3.25		Ecuador
Terroir	Oko Caribe	1554	2015	70%	U.S.A.	3.5		Domincan Republic
Terroir	Guatemala	1558	2015	70%	U.S.A.	3.75	Trinitario	Guatemala
Terroir	Ecuador	1323	2014	77%	U.S.A.	3.25		Ecuador
Terroir	Madagascar	1323	2014	67%	U.S.A.	3.75	Trinitario	Madagascar
Terroir	Uganda	1323	2014	73%	U.S.A.	3.75	Forastero	Uganda
Theo	Congo w/ nibs	903	2012	65%	U.S.A.	3.25	Forastero	Congo
Theo	Madagascar	162	2007	65%	U.S.A.	3.5	Trinitario	Madagascar
Theo	Ivory Coast	184	2007	75%	U.S.A.	2.5		Ivory Coast
Theo	Ghana, Kumasi	184	2007	84%	U.S.A.	3.0	Forastero	Ghana
Theo	Venezuela; Barinos, Merida, Tachron	188	2007	91%	U.S.A.	2.0	Blend	Venezuela
Theo	Ghana, Panama, Ecuador	188	2007	75%	U.S.A.	3.0	Blend	Ghana, Panama, Ecuador
Tocoti	Wild Bolivian, Jungle Love	927	2012	77%	U.S.A.	3.0	Criollo	Bolivia
Tocoti	Venezuela	789	2011	72%	U.S.A.	2.75		Venezuela
Tocoti	Dominican Republic	789	2011	74%	U.S.A.	3.0		Dominican Republic
Treehouse	Conacado	1239	2014	72%	U.S.A.	3.0		Dominican Republic
twenty-four blackbirds	Oko Caribe	1700	2015	75%	U.S.A.	2.75		Domincan Republic
twenty-four blackbirds	Cedeno, lot 271	1700	2015	75%	U.S.A.	3.5		Ecuador
twenty-four blackbirds	Madagascar	1235	2014	75%	U.S.A.	3.5	Trinitario	Madagascar
twenty-four blackbirds	Dominican Republic	1022	2013	68%	U.S.A.	3.25		Dominican Republic
twenty-four blackbirds	Palos Blancos	1026	2013	75%	U.S.A.	2.5		Bolivia
twenty-four blackbirds	Dominican Republic	753	2011	73%	U.S.A.	2.75		Dominican Republic
Two Ravens	Peru	1740	2016	60%	U.S.A.	3.0	Criollo	Peru
Undone	Matagalpa	1438	2014	74%	U.S.A.	2.75		Nicaragua
Undone	Nourish	1438	2014	70%	U.S.A.	3.0		Dominican Republic
Upchurch	Madagascar, Sassy Bar	1752	2016	72%	U.S.A.	3.0	Trinitario	Madagascar
Upchurch	Tanzania, Party Bar	1752	2016	72%	U.S.A.	3.25		Tanzania
Vanleer (Barry Callebaut)	Manhattan	963	2012	72%	U.S.A.	2.5	Forastero	Ghana
Vanleer (Barry Callebaut)	Napa	963	2012	65%	U.S.A.	2.75	Forastero	Ghana
Vicuna	Palos Blancos	1470	2015	70%	U.S.A.	3.25		Bolivia
Vicuna	Palos Blancos + nibs	1470	2015	70%	U.S.A.	3.25		Bolivia
Videri	Dominican Republic	1211	2014	90%	U.S.A.	3.25		Dominican Republic
Videri	Trinidad	1211	2014	75%	U.S.A.	3.5	Trinitario	Trinidad
Videri	Mindo	1227	2014	75%	U.S.A.	3.5		Ecuador
Videri	Dark	1117	2013	90%	U.S.A.	3.75		Central and S. America
Videri	Classic	991	2012	70%	U.S.A.	3.25		Central and S. America
Vintage Plantations	San Martin	1205	2014	75%	U.S.A.	3.0		Peru
Vintage Plantations (Tulicorp)	Los Rios, Rancho Grande 2004/2007	153	2007	100%	U.S.A.	2.0	Forastero (Arriba)	Ecuador
Vintage Plantations (Tulicorp)	Los Rios, Rancho Grande 2004/2007	153	2007	90%	U.S.A.	2.0	Forastero (Arriba)	Ecuador
Vintage Plantations (Tulicorp)	Los Rios, Rancho Grande 2004/2007	153	2007	75%	U.S.A.	3.0	Forastero (Arriba)	Ecuador
Vintage Plantations (Tulicorp)	Los Rios, Rancho Grande 2007	153	2007	65%	U.S.A.	3.0	Forastero (Arriba)	Ecuador
Violet Sky	Sambirano Valley	1458	2015	77%	U.S.A.	2.75	Trinitario	Madagascar
Violet Sky	Moho River Valley	1458	2015	77%	U.S.A.	3.0	Criollo, Trinitario	Belize
Violet Sky	Cuyagua	1458	2015	77%	U.S.A.	3.0	Criollo	Venezuela
Violet Sky	Peru	1458	2015	77%	U.S.A.	3.25	Criollo, Trinitario	Peru
Violet Sky	Cahabon	1502	2015	77%	U.S.A.	2.75	Trinitario	Guatemala
Vivra	Peru	1720	2016	70%	U.S.A.	2.5		Peru
Vivra	Ocumare	1720	2016	70%	U.S.A.	2.5		Venezuela
Vivra	Dominican Republic	1724	2016	70%	U.S.A.	3.0		Domincan Republic
Wm	Guasare, Zulia Prov., 2015, batch 124	1912	2016	74%	U.S.A.	3.0	Criollo	Venezuela
Wm	Wild Beniano, 2016, batch 128, Heirloom	1912	2016	76%	U.S.A.	3.5		Bolivia
Wm	Ghana, 2013, batch 129	1916	2016	75%	U.S.A.	3.75		Ghana
Woodblock	Maranon, Cajamarca	1243	2014	70%	U.S.A.	3.0	Forastero (Nacional)	Peru
Woodblock	Camino Verde P., Balao, Guayas	1042	2013	70%	U.S.A.	3.25		Ecuador
Woodblock	Gran Couva	1042	2013	70%	U.S.A.	3.5	Trinitario	Trinidad
Woodblock	Ecuador	825	2012	70%	U.S.A.	2.5		Ecuador
Woodblock	Costa Rica	825	2012	70%	U.S.A.	3.0		Costa Rica
Woodblock	Sambirano	951	2012	70%	U.S.A.	3.25	Trinitario	Madagascar
Woodblock	Ocumare	741	2011	70%	U.S.A.	4.0		Venezuela
Woodblock	La Red	769	2011	70%	U.S.A.	3.5		Dominican Republic
Xocolla	Sambirano, batch 170102	1948	2017	70%	U.S.A.	2.75		Madagascar
Xocolla	Hispaniola, batch 170104	1948	2017	70%	U.S.A.	2.5		Dominican Republic
Zak's	Papua New Guinea, Batch 2	1574	2015	70%	U.S.A.	3.0		Papua New Guinea
Zak's	Dominican Republic, Batch D2	1578	2015	70%	U.S.A.	3.25		Domincan Republic
Zak's	Madagascar, Batch 2	1578	2015	70%	U.S.A.	3.25	Trinitario	Madagascar
Zak's	Peru, Batch 1	1578	2015	70%	U.S.A.	3.25		Peru
Zak's	Belize, Batch 2	1578	2015	70%	U.S.A.	3.5	Trinitario	Belize
Zak's	House Blend, Batch 2	1582	2015	60%	U.S.A.	3.0
Zart Pralinen	Millot P., Ambanja	1820	2016	70%	Austria	3.5	Criollo, Trinitario	Madagascar
Zart Pralinen	UNOCACE	1824	2016	70%	Austria	2.75	Nacional (Arriba)	Ecuador
Zart Pralinen	San Juan Estate	1824	2016	85%	Austria	2.75	Trinitario	Trinidad
Zart Pralinen	Kakao Kamili, Kilombero Valley	1824	2016	85%	Austria	3.0	Criollo, Trinitario	Tanzania
Zart Pralinen	Kakao Kamili, Kilombero Valley	1824	2016	70%	Austria	3.5	Criollo, Trinitario	Tanzania
Zart Pralinen	San Juan Estate, Gran Couva	1880	2016	78%	Austria	3.5	Trinitario	Trinidad
Zotter	Raw	1205	2014	80%	Austria	2.75
Zotter	Bocas del Toro, Cocabo Co-op	801	2012	72%	Austria	3.5		Panama
Zotter	Amazonas Frucht	801	2012	65%	Austria	3.5
Zotter	Satipo Pangoa region, 16hr conche	875	2012	70%	Austria	3.0	Criollo (Amarru)	Peru
Zotter	Satipo Pangoa region, 20hr conche	875	2012	70%	Austria	3.5	Criollo (Amarru)	Peru
Zotter	Loma Los Pinos, Yacao region, D.R.	875	2012	62%	Austria	3.75		Dominican Republic
Zotter	El Oro	879	2012	75%	Austria	3.0	Forastero (Nacional)	Ecuador
Zotter	Huiwani Coop	879	2012	75%	Austria	3.0	Criollo, Trinitario	Papua New Guinea
Zotter	El Ceibo Coop	879	2012	90%	Austria	3.25		Bolivia
Zotter	Santo Domingo	879	2012	70%	Austria	3.75		Dominican Republic
Zotter	Kongo, Highlands	883	2012	68%	Austria	3.25	Forastero	Congo
Zotter	Indianer, Raw	883	2012	58%	Austria	3.5
Zotter	Peru	647	2011	70%	Austria	3.75		Peru
Zotter	Congo	749	2011	65%	Austria	3.0	Forastero	Congo
Zotter	Kerala State	749	2011	65%	Austria	3.5	Forastero	India
Zotter	Kerala State	781	2011	62%	Austria	3.25		India
Zotter	Brazil, Mitzi Blue	486	2010	65%	Austria	3.0		Brazil
