archive	date	count
arXiv q-bio	2007-01-01	40
Nature Precedings	2007-01-01	3
F1000Research	2007-01-01	0
PeerJ Preprints	2007-01-01	0
bioRxiv	2007-01-01	0
Winnower	2007-01-01	0
preprints.org	2007-01-01	0
Wellcome Open Research	2007-01-01	0
arXiv q-bio	2007-02-01	44
Nature Precedings	2007-02-01	0
F1000Research	2007-02-01	0
PeerJ Preprints	2007-02-01	0
bioRxiv	2007-02-01	0
Winnower	2007-02-01	0
preprints.org	2007-02-01	0
Wellcome Open Research	2007-02-01	0
arXiv q-bio	2007-03-01	55
Nature Precedings	2007-03-01	0
F1000Research	2007-03-01	0
PeerJ Preprints	2007-03-01	0
bioRxiv	2007-03-01	0
Winnower	2007-03-01	0
preprints.org	2007-03-01	0
Wellcome Open Research	2007-03-01	0
arXiv q-bio	2007-04-01	41
Nature Precedings	2007-04-01	0
F1000Research	2007-04-01	0
PeerJ Preprints	2007-04-01	0
bioRxiv	2007-04-01	0
Winnower	2007-04-01	0
preprints.org	2007-04-01	0
Wellcome Open Research	2007-04-01	0
arXiv q-bio	2007-05-01	59
Nature Precedings	2007-05-01	0
F1000Research	2007-05-01	0
PeerJ Preprints	2007-05-01	0
bioRxiv	2007-05-01	0
Winnower	2007-05-01	0
preprints.org	2007-05-01	0
Wellcome Open Research	2007-05-01	0
arXiv q-bio	2007-06-01	68
Nature Precedings	2007-06-01	22
F1000Research	2007-06-01	0
PeerJ Preprints	2007-06-01	0
bioRxiv	2007-06-01	0
Winnower	2007-06-01	0
preprints.org	2007-06-01	0
Wellcome Open Research	2007-06-01	0
arXiv q-bio	2007-07-01	65
Nature Precedings	2007-07-01	18
F1000Research	2007-07-01	0
PeerJ Preprints	2007-07-01	0
bioRxiv	2007-07-01	0
Winnower	2007-07-01	0
preprints.org	2007-07-01	0
Wellcome Open Research	2007-07-01	0
arXiv q-bio	2007-08-01	72
Nature Precedings	2007-08-01	29
F1000Research	2007-08-01	0
PeerJ Preprints	2007-08-01	0
bioRxiv	2007-08-01	0
Winnower	2007-08-01	0
preprints.org	2007-08-01	0
Wellcome Open Research	2007-08-01	0
arXiv q-bio	2007-09-01	62
Nature Precedings	2007-09-01	30
F1000Research	2007-09-01	0
PeerJ Preprints	2007-09-01	0
bioRxiv	2007-09-01	0
Winnower	2007-09-01	0
preprints.org	2007-09-01	0
Wellcome Open Research	2007-09-01	0
arXiv q-bio	2007-10-01	65
Nature Precedings	2007-10-01	36
F1000Research	2007-10-01	0
PeerJ Preprints	2007-10-01	0
bioRxiv	2007-10-01	0
Winnower	2007-10-01	0
preprints.org	2007-10-01	0
Wellcome Open Research	2007-10-01	0
arXiv q-bio	2007-11-01	73
Nature Precedings	2007-11-01	31
F1000Research	2007-11-01	0
PeerJ Preprints	2007-11-01	0
bioRxiv	2007-11-01	0
Winnower	2007-11-01	0
preprints.org	2007-11-01	0
Wellcome Open Research	2007-11-01	0
arXiv q-bio	2007-12-01	67
Nature Precedings	2007-12-01	31
F1000Research	2007-12-01	0
PeerJ Preprints	2007-12-01	0
bioRxiv	2007-12-01	0
Winnower	2007-12-01	0
preprints.org	2007-12-01	0
Wellcome Open Research	2007-12-01	0
arXiv q-bio	2008-01-01	69
Nature Precedings	2008-01-01	40
F1000Research	2008-01-01	0
PeerJ Preprints	2008-01-01	0
bioRxiv	2008-01-01	0
Winnower	2008-01-01	0
preprints.org	2008-01-01	0
Wellcome Open Research	2008-01-01	0
arXiv q-bio	2008-02-01	66
Nature Precedings	2008-02-01	33
F1000Research	2008-02-01	0
PeerJ Preprints	2008-02-01	0
bioRxiv	2008-02-01	0
Winnower	2008-02-01	0
preprints.org	2008-02-01	0
Wellcome Open Research	2008-02-01	0
arXiv q-bio	2008-03-01	56
Nature Precedings	2008-03-01	40
F1000Research	2008-03-01	0
PeerJ Preprints	2008-03-01	0
bioRxiv	2008-03-01	0
Winnower	2008-03-01	0
preprints.org	2008-03-01	0
Wellcome Open Research	2008-03-01	0
arXiv q-bio	2008-04-01	56
Nature Precedings	2008-04-01	47
F1000Research	2008-04-01	0
PeerJ Preprints	2008-04-01	0
bioRxiv	2008-04-01	0
Winnower	2008-04-01	0
preprints.org	2008-04-01	0
Wellcome Open Research	2008-04-01	0
arXiv q-bio	2008-05-01	49
Nature Precedings	2008-05-01	39
F1000Research	2008-05-01	0
PeerJ Preprints	2008-05-01	0
bioRxiv	2008-05-01	0
Winnower	2008-05-01	0
preprints.org	2008-05-01	0
Wellcome Open Research	2008-05-01	0
arXiv q-bio	2008-06-01	76
Nature Precedings	2008-06-01	37
F1000Research	2008-06-01	0
PeerJ Preprints	2008-06-01	0
bioRxiv	2008-06-01	0
Winnower	2008-06-01	0
preprints.org	2008-06-01	0
Wellcome Open Research	2008-06-01	0
arXiv q-bio	2008-07-01	91
Nature Precedings	2008-07-01	66
F1000Research	2008-07-01	0
PeerJ Preprints	2008-07-01	0
bioRxiv	2008-07-01	0
Winnower	2008-07-01	0
preprints.org	2008-07-01	0
Wellcome Open Research	2008-07-01	0
arXiv q-bio	2008-08-01	60
Nature Precedings	2008-08-01	45
F1000Research	2008-08-01	0
PeerJ Preprints	2008-08-01	0
bioRxiv	2008-08-01	0
Winnower	2008-08-01	0
preprints.org	2008-08-01	0
Wellcome Open Research	2008-08-01	0
arXiv q-bio	2008-09-01	65
Nature Precedings	2008-09-01	46
F1000Research	2008-09-01	0
PeerJ Preprints	2008-09-01	0
bioRxiv	2008-09-01	0
Winnower	2008-09-01	0
preprints.org	2008-09-01	0
Wellcome Open Research	2008-09-01	0
arXiv q-bio	2008-10-01	77
Nature Precedings	2008-10-01	38
F1000Research	2008-10-01	0
PeerJ Preprints	2008-10-01	0
bioRxiv	2008-10-01	0
Winnower	2008-10-01	0
preprints.org	2008-10-01	0
Wellcome Open Research	2008-10-01	0
arXiv q-bio	2008-11-01	85
Nature Precedings	2008-11-01	43
F1000Research	2008-11-01	0
PeerJ Preprints	2008-11-01	0
bioRxiv	2008-11-01	0
Winnower	2008-11-01	0
preprints.org	2008-11-01	0
Wellcome Open Research	2008-11-01	0
arXiv q-bio	2008-12-01	81
Nature Precedings	2008-12-01	44
F1000Research	2008-12-01	0
PeerJ Preprints	2008-12-01	0
bioRxiv	2008-12-01	0
Winnower	2008-12-01	0
preprints.org	2008-12-01	0
Wellcome Open Research	2008-12-01	0
arXiv q-bio	2009-01-01	92
Nature Precedings	2009-01-01	32
F1000Research	2009-01-01	0
PeerJ Preprints	2009-01-01	0
bioRxiv	2009-01-01	0
Winnower	2009-01-01	0
preprints.org	2009-01-01	0
Wellcome Open Research	2009-01-01	0
arXiv q-bio	2009-02-01	74
Nature Precedings	2009-02-01	25
F1000Research	2009-02-01	0
PeerJ Preprints	2009-02-01	0
bioRxiv	2009-02-01	0
Winnower	2009-02-01	0
preprints.org	2009-02-01	0
Wellcome Open Research	2009-02-01	0
arXiv q-bio	2009-03-01	73
Nature Precedings	2009-03-01	46
F1000Research	2009-03-01	0
PeerJ Preprints	2009-03-01	0
bioRxiv	2009-03-01	0
Winnower	2009-03-01	0
preprints.org	2009-03-01	0
Wellcome Open Research	2009-03-01	0
arXiv q-bio	2009-04-01	89
Nature Precedings	2009-04-01	51
F1000Research	2009-04-01	0
PeerJ Preprints	2009-04-01	0
bioRxiv	2009-04-01	0
Winnower	2009-04-01	0
preprints.org	2009-04-01	0
Wellcome Open Research	2009-04-01	0
arXiv q-bio	2009-05-01	85
Nature Precedings	2009-05-01	28
F1000Research	2009-05-01	0
PeerJ Preprints	2009-05-01	0
bioRxiv	2009-05-01	0
Winnower	2009-05-01	0
preprints.org	2009-05-01	0
Wellcome Open Research	2009-05-01	0
arXiv q-bio	2009-06-01	83
Nature Precedings	2009-06-01	39
F1000Research	2009-06-01	0
PeerJ Preprints	2009-06-01	0
bioRxiv	2009-06-01	0
Winnower	2009-06-01	0
preprints.org	2009-06-01	0
Wellcome Open Research	2009-06-01	0
arXiv q-bio	2009-07-01	80
Nature Precedings	2009-07-01	54
F1000Research	2009-07-01	0
PeerJ Preprints	2009-07-01	0
bioRxiv	2009-07-01	0
Winnower	2009-07-01	0
preprints.org	2009-07-01	0
Wellcome Open Research	2009-07-01	0
arXiv q-bio	2009-08-01	71
Nature Precedings	2009-08-01	40
F1000Research	2009-08-01	0
PeerJ Preprints	2009-08-01	0
bioRxiv	2009-08-01	0
Winnower	2009-08-01	0
preprints.org	2009-08-01	0
Wellcome Open Research	2009-08-01	0
arXiv q-bio	2009-09-01	75
Nature Precedings	2009-09-01	43
F1000Research	2009-09-01	0
PeerJ Preprints	2009-09-01	0
bioRxiv	2009-09-01	0
Winnower	2009-09-01	0
preprints.org	2009-09-01	0
Wellcome Open Research	2009-09-01	0
arXiv q-bio	2009-10-01	86
Nature Precedings	2009-10-01	44
F1000Research	2009-10-01	0
PeerJ Preprints	2009-10-01	0
bioRxiv	2009-10-01	0
Winnower	2009-10-01	0
preprints.org	2009-10-01	0
Wellcome Open Research	2009-10-01	0
arXiv q-bio	2009-11-01	80
Nature Precedings	2009-11-01	30
F1000Research	2009-11-01	0
PeerJ Preprints	2009-11-01	0
bioRxiv	2009-11-01	0
Winnower	2009-11-01	0
preprints.org	2009-11-01	0
Wellcome Open Research	2009-11-01	0
arXiv q-bio	2009-12-01	93
Nature Precedings	2009-12-01	18
F1000Research	2009-12-01	0
PeerJ Preprints	2009-12-01	0
bioRxiv	2009-12-01	0
Winnower	2009-12-01	0
preprints.org	2009-12-01	0
Wellcome Open Research	2009-12-01	0
arXiv q-bio	2010-01-01	78
Nature Precedings	2010-01-01	32
F1000Research	2010-01-01	0
PeerJ Preprints	2010-01-01	0
bioRxiv	2010-01-01	0
Winnower	2010-01-01	0
preprints.org	2010-01-01	0
Wellcome Open Research	2010-01-01	0
arXiv q-bio	2010-02-01	89
Nature Precedings	2010-02-01	27
F1000Research	2010-02-01	0
PeerJ Preprints	2010-02-01	0
bioRxiv	2010-02-01	0
Winnower	2010-02-01	0
preprints.org	2010-02-01	0
Wellcome Open Research	2010-02-01	0
arXiv q-bio	2010-03-01	112
Nature Precedings	2010-03-01	35
F1000Research	2010-03-01	0
PeerJ Preprints	2010-03-01	0
bioRxiv	2010-03-01	0
Winnower	2010-03-01	0
preprints.org	2010-03-01	0
Wellcome Open Research	2010-03-01	0
arXiv q-bio	2010-04-01	90
Nature Precedings	2010-04-01	34
F1000Research	2010-04-01	0
PeerJ Preprints	2010-04-01	0
bioRxiv	2010-04-01	0
Winnower	2010-04-01	0
preprints.org	2010-04-01	0
Wellcome Open Research	2010-04-01	0
arXiv q-bio	2010-05-01	89
Nature Precedings	2010-05-01	34
F1000Research	2010-05-01	0
PeerJ Preprints	2010-05-01	0
bioRxiv	2010-05-01	0
Winnower	2010-05-01	0
preprints.org	2010-05-01	0
Wellcome Open Research	2010-05-01	0
arXiv q-bio	2010-06-01	99
Nature Precedings	2010-06-01	41
F1000Research	2010-06-01	0
PeerJ Preprints	2010-06-01	0
bioRxiv	2010-06-01	0
Winnower	2010-06-01	0
preprints.org	2010-06-01	0
Wellcome Open Research	2010-06-01	0
arXiv q-bio	2010-07-01	103
Nature Precedings	2010-07-01	44
F1000Research	2010-07-01	0
PeerJ Preprints	2010-07-01	0
bioRxiv	2010-07-01	0
Winnower	2010-07-01	0
preprints.org	2010-07-01	0
Wellcome Open Research	2010-07-01	0
arXiv q-bio	2010-08-01	90
Nature Precedings	2010-08-01	45
F1000Research	2010-08-01	0
PeerJ Preprints	2010-08-01	0
bioRxiv	2010-08-01	0
Winnower	2010-08-01	0
preprints.org	2010-08-01	0
Wellcome Open Research	2010-08-01	0
arXiv q-bio	2010-09-01	79
Nature Precedings	2010-09-01	47
F1000Research	2010-09-01	0
PeerJ Preprints	2010-09-01	0
bioRxiv	2010-09-01	0
Winnower	2010-09-01	0
preprints.org	2010-09-01	0
Wellcome Open Research	2010-09-01	0
arXiv q-bio	2010-10-01	101
Nature Precedings	2010-10-01	46
F1000Research	2010-10-01	0
PeerJ Preprints	2010-10-01	0
bioRxiv	2010-10-01	0
Winnower	2010-10-01	0
preprints.org	2010-10-01	0
Wellcome Open Research	2010-10-01	0
arXiv q-bio	2010-11-01	96
Nature Precedings	2010-11-01	43
F1000Research	2010-11-01	0
PeerJ Preprints	2010-11-01	0
bioRxiv	2010-11-01	0
Winnower	2010-11-01	0
preprints.org	2010-11-01	0
Wellcome Open Research	2010-11-01	0
arXiv q-bio	2010-12-01	120
Nature Precedings	2010-12-01	37
F1000Research	2010-12-01	0
PeerJ Preprints	2010-12-01	0
bioRxiv	2010-12-01	0
Winnower	2010-12-01	0
preprints.org	2010-12-01	0
Wellcome Open Research	2010-12-01	0
arXiv q-bio	2011-01-01	106
Nature Precedings	2011-01-01	40
F1000Research	2011-01-01	0
PeerJ Preprints	2011-01-01	0
bioRxiv	2011-01-01	0
Winnower	2011-01-01	0
preprints.org	2011-01-01	0
Wellcome Open Research	2011-01-01	0
arXiv q-bio	2011-02-01	105
Nature Precedings	2011-02-01	40
F1000Research	2011-02-01	0
PeerJ Preprints	2011-02-01	0
bioRxiv	2011-02-01	0
Winnower	2011-02-01	0
preprints.org	2011-02-01	0
Wellcome Open Research	2011-02-01	0
arXiv q-bio	2011-03-01	97
Nature Precedings	2011-03-01	36
F1000Research	2011-03-01	0
PeerJ Preprints	2011-03-01	0
bioRxiv	2011-03-01	0
Winnower	2011-03-01	0
preprints.org	2011-03-01	0
Wellcome Open Research	2011-03-01	0
arXiv q-bio	2011-04-01	106
Nature Precedings	2011-04-01	34
F1000Research	2011-04-01	0
PeerJ Preprints	2011-04-01	0
bioRxiv	2011-04-01	0
Winnower	2011-04-01	0
preprints.org	2011-04-01	0
Wellcome Open Research	2011-04-01	0
arXiv q-bio	2011-05-01	110
Nature Precedings	2011-05-01	18
F1000Research	2011-05-01	0
PeerJ Preprints	2011-05-01	0
bioRxiv	2011-05-01	0
Winnower	2011-05-01	0
preprints.org	2011-05-01	0
Wellcome Open Research	2011-05-01	0
arXiv q-bio	2011-06-01	98
Nature Precedings	2011-06-01	43
F1000Research	2011-06-01	0
PeerJ Preprints	2011-06-01	0
bioRxiv	2011-06-01	0
Winnower	2011-06-01	0
preprints.org	2011-06-01	0
Wellcome Open Research	2011-06-01	0
arXiv q-bio	2011-07-01	101
Nature Precedings	2011-07-01	37
F1000Research	2011-07-01	0
PeerJ Preprints	2011-07-01	0
bioRxiv	2011-07-01	0
Winnower	2011-07-01	0
preprints.org	2011-07-01	0
Wellcome Open Research	2011-07-01	0
arXiv q-bio	2011-08-01	107
Nature Precedings	2011-08-01	62
F1000Research	2011-08-01	0
PeerJ Preprints	2011-08-01	0
bioRxiv	2011-08-01	0
Winnower	2011-08-01	0
preprints.org	2011-08-01	0
Wellcome Open Research	2011-08-01	0
arXiv q-bio	2011-09-01	123
Nature Precedings	2011-09-01	42
F1000Research	2011-09-01	0
PeerJ Preprints	2011-09-01	0
bioRxiv	2011-09-01	0
Winnower	2011-09-01	0
preprints.org	2011-09-01	0
Wellcome Open Research	2011-09-01	0
arXiv q-bio	2011-10-01	118
Nature Precedings	2011-10-01	38
F1000Research	2011-10-01	0
PeerJ Preprints	2011-10-01	0
bioRxiv	2011-10-01	0
Winnower	2011-10-01	0
preprints.org	2011-10-01	0
Wellcome Open Research	2011-10-01	0
arXiv q-bio	2011-11-01	123
Nature Precedings	2011-11-01	44
F1000Research	2011-11-01	0
PeerJ Preprints	2011-11-01	0
bioRxiv	2011-11-01	0
Winnower	2011-11-01	0
preprints.org	2011-11-01	0
Wellcome Open Research	2011-11-01	0
arXiv q-bio	2011-12-01	139
Nature Precedings	2011-12-01	37
F1000Research	2011-12-01	0
PeerJ Preprints	2011-12-01	0
bioRxiv	2011-12-01	0
Winnower	2011-12-01	0
preprints.org	2011-12-01	0
Wellcome Open Research	2011-12-01	0
arXiv q-bio	2012-01-01	118
Nature Precedings	2012-01-01	46
F1000Research	2012-01-01	0
PeerJ Preprints	2012-01-01	0
bioRxiv	2012-01-01	0
Winnower	2012-01-01	0
preprints.org	2012-01-01	0
Wellcome Open Research	2012-01-01	0
arXiv q-bio	2012-02-01	123
Nature Precedings	2012-02-01	24
F1000Research	2012-02-01	0
PeerJ Preprints	2012-02-01	0
bioRxiv	2012-02-01	0
Winnower	2012-02-01	0
preprints.org	2012-02-01	0
Wellcome Open Research	2012-02-01	0
arXiv q-bio	2012-03-01	122
Nature Precedings	2012-03-01	54
F1000Research	2012-03-01	0
PeerJ Preprints	2012-03-01	0
bioRxiv	2012-03-01	0
Winnower	2012-03-01	0
preprints.org	2012-03-01	0
Wellcome Open Research	2012-03-01	0
arXiv q-bio	2012-04-01	127
Nature Precedings	2012-04-01	50
F1000Research	2012-04-01	0
PeerJ Preprints	2012-04-01	0
bioRxiv	2012-04-01	0
Winnower	2012-04-01	0
preprints.org	2012-04-01	0
Wellcome Open Research	2012-04-01	0
arXiv q-bio	2012-05-01	135
Nature Precedings	2012-05-01	0
F1000Research	2012-05-01	0
PeerJ Preprints	2012-05-01	0
bioRxiv	2012-05-01	0
Winnower	2012-05-01	0
preprints.org	2012-05-01	0
Wellcome Open Research	2012-05-01	0
arXiv q-bio	2012-06-01	148
Nature Precedings	2012-06-01	0
F1000Research	2012-06-01	0
PeerJ Preprints	2012-06-01	0
bioRxiv	2012-06-01	0
Winnower	2012-06-01	0
preprints.org	2012-06-01	0
Wellcome Open Research	2012-06-01	0
arXiv q-bio	2012-07-01	155
Nature Precedings	2012-07-01	0
F1000Research	2012-07-01	5
PeerJ Preprints	2012-07-01	0
bioRxiv	2012-07-01	0
Winnower	2012-07-01	0
preprints.org	2012-07-01	0
Wellcome Open Research	2012-07-01	0
arXiv q-bio	2012-08-01	143
Nature Precedings	2012-08-01	0
F1000Research	2012-08-01	4
PeerJ Preprints	2012-08-01	0
bioRxiv	2012-08-01	0
Winnower	2012-08-01	0
preprints.org	2012-08-01	0
Wellcome Open Research	2012-08-01	0
arXiv q-bio	2012-09-01	172
Nature Precedings	2012-09-01	0
F1000Research	2012-09-01	7
PeerJ Preprints	2012-09-01	0
bioRxiv	2012-09-01	0
Winnower	2012-09-01	0
preprints.org	2012-09-01	0
Wellcome Open Research	2012-09-01	0
arXiv q-bio	2012-10-01	198
Nature Precedings	2012-10-01	0
F1000Research	2012-10-01	15
PeerJ Preprints	2012-10-01	0
bioRxiv	2012-10-01	0
Winnower	2012-10-01	0
preprints.org	2012-10-01	0
Wellcome Open Research	2012-10-01	0
arXiv q-bio	2012-11-01	151
Nature Precedings	2012-11-01	0
F1000Research	2012-11-01	18
PeerJ Preprints	2012-11-01	0
bioRxiv	2012-11-01	0
Winnower	2012-11-01	0
preprints.org	2012-11-01	0
Wellcome Open Research	2012-11-01	0
arXiv q-bio	2012-12-01	171
Nature Precedings	2012-12-01	0
F1000Research	2012-12-01	14
PeerJ Preprints	2012-12-01	0
bioRxiv	2012-12-01	0
Winnower	2012-12-01	0
preprints.org	2012-12-01	0
Wellcome Open Research	2012-12-01	0
arXiv q-bio	2013-01-01	178
Nature Precedings	2013-01-01	0
F1000Research	2013-01-01	22
PeerJ Preprints	2013-01-01	0
bioRxiv	2013-01-01	0
Winnower	2013-01-01	0
preprints.org	2013-01-01	0
Wellcome Open Research	2013-01-01	0
arXiv q-bio	2013-02-01	161
Nature Precedings	2013-02-01	0
F1000Research	2013-02-01	24
PeerJ Preprints	2013-02-01	0
bioRxiv	2013-02-01	0
Winnower	2013-02-01	0
preprints.org	2013-02-01	0
Wellcome Open Research	2013-02-01	0
arXiv q-bio	2013-03-01	160
Nature Precedings	2013-03-01	0
F1000Research	2013-03-01	24
PeerJ Preprints	2013-03-01	0
bioRxiv	2013-03-01	0
Winnower	2013-03-01	0
preprints.org	2013-03-01	0
Wellcome Open Research	2013-03-01	0
arXiv q-bio	2013-04-01	203
Nature Precedings	2013-04-01	0
F1000Research	2013-04-01	20
PeerJ Preprints	2013-04-01	9
bioRxiv	2013-04-01	0
Winnower	2013-04-01	0
preprints.org	2013-04-01	0
Wellcome Open Research	2013-04-01	0
arXiv q-bio	2013-05-01	200
Nature Precedings	2013-05-01	0
F1000Research	2013-05-01	17
PeerJ Preprints	2013-05-01	11
bioRxiv	2013-05-01	0
Winnower	2013-05-01	0
preprints.org	2013-05-01	0
Wellcome Open Research	2013-05-01	0
arXiv q-bio	2013-06-01	177
Nature Precedings	2013-06-01	0
F1000Research	2013-06-01	9
PeerJ Preprints	2013-06-01	8
bioRxiv	2013-06-01	0
Winnower	2013-06-01	0
preprints.org	2013-06-01	0
Wellcome Open Research	2013-06-01	0
arXiv q-bio	2013-07-01	237
Nature Precedings	2013-07-01	0
F1000Research	2013-07-01	22
PeerJ Preprints	2013-07-01	9
bioRxiv	2013-07-01	0
Winnower	2013-07-01	0
preprints.org	2013-07-01	0
Wellcome Open Research	2013-07-01	0
arXiv q-bio	2013-08-01	197
Nature Precedings	2013-08-01	0
F1000Research	2013-08-01	14
PeerJ Preprints	2013-08-01	7
bioRxiv	2013-08-01	0
Winnower	2013-08-01	0
preprints.org	2013-08-01	0
Wellcome Open Research	2013-08-01	0
arXiv q-bio	2013-09-01	234
Nature Precedings	2013-09-01	0
F1000Research	2013-09-01	15
PeerJ Preprints	2013-09-01	16
bioRxiv	2013-09-01	0
Winnower	2013-09-01	0
preprints.org	2013-09-01	0
Wellcome Open Research	2013-09-01	0
arXiv q-bio	2013-10-01	214
Nature Precedings	2013-10-01	0
F1000Research	2013-10-01	25
PeerJ Preprints	2013-10-01	14
bioRxiv	2013-10-01	0
Winnower	2013-10-01	0
preprints.org	2013-10-01	0
Wellcome Open Research	2013-10-01	0
arXiv q-bio	2013-11-01	168
Nature Precedings	2013-11-01	0
F1000Research	2013-11-01	26
PeerJ Preprints	2013-11-01	35
bioRxiv	2013-11-01	39
Winnower	2013-11-01	0
preprints.org	2013-11-01	0
Wellcome Open Research	2013-11-01	0
arXiv q-bio	2013-12-01	199
Nature Precedings	2013-12-01	0
F1000Research	2013-12-01	27
PeerJ Preprints	2013-12-01	48
bioRxiv	2013-12-01	38
Winnower	2013-12-01	0
preprints.org	2013-12-01	0
Wellcome Open Research	2013-12-01	0
arXiv q-bio	2014-01-01	136
Nature Precedings	2014-01-01	0
F1000Research	2014-01-01	26
PeerJ Preprints	2014-01-01	40
bioRxiv	2014-01-01	44
Winnower	2014-01-01	0
preprints.org	2014-01-01	0
Wellcome Open Research	2014-01-01	0
arXiv q-bio	2014-02-01	171
Nature Precedings	2014-02-01	0
F1000Research	2014-02-01	29
PeerJ Preprints	2014-02-01	26
bioRxiv	2014-02-01	51
Winnower	2014-02-01	0
preprints.org	2014-02-01	0
Wellcome Open Research	2014-02-01	0
arXiv q-bio	2014-03-01	196
Nature Precedings	2014-03-01	0
F1000Research	2014-03-01	19
PeerJ Preprints	2014-03-01	82
bioRxiv	2014-03-01	44
Winnower	2014-03-01	0
preprints.org	2014-03-01	0
Wellcome Open Research	2014-03-01	0
arXiv q-bio	2014-04-01	193
Nature Precedings	2014-04-01	0
F1000Research	2014-04-01	20
PeerJ Preprints	2014-04-01	35
bioRxiv	2014-04-01	55
Winnower	2014-04-01	0
preprints.org	2014-04-01	0
Wellcome Open Research	2014-04-01	0
arXiv q-bio	2014-05-01	166
Nature Precedings	2014-05-01	0
F1000Research	2014-05-01	22
PeerJ Preprints	2014-05-01	26
bioRxiv	2014-05-01	62
Winnower	2014-05-01	4
preprints.org	2014-05-01	0
Wellcome Open Research	2014-05-01	0
arXiv q-bio	2014-06-01	180
Nature Precedings	2014-06-01	0
F1000Research	2014-06-01	21
PeerJ Preprints	2014-06-01	27
bioRxiv	2014-06-01	75
Winnower	2014-06-01	5
preprints.org	2014-06-01	0
Wellcome Open Research	2014-06-01	0
arXiv q-bio	2014-07-01	227
Nature Precedings	2014-07-01	0
F1000Research	2014-07-01	31
PeerJ Preprints	2014-07-01	26
bioRxiv	2014-07-01	60
Winnower	2014-07-01	4
preprints.org	2014-07-01	0
Wellcome Open Research	2014-07-01	0
arXiv q-bio	2014-08-01	161
Nature Precedings	2014-08-01	0
F1000Research	2014-08-01	28
PeerJ Preprints	2014-08-01	36
bioRxiv	2014-08-01	82
Winnower	2014-08-01	3
preprints.org	2014-08-01	0
Wellcome Open Research	2014-08-01	0
arXiv q-bio	2014-09-01	194
Nature Precedings	2014-09-01	0
F1000Research	2014-09-01	31
PeerJ Preprints	2014-09-01	35
bioRxiv	2014-09-01	82
Winnower	2014-09-01	2
preprints.org	2014-09-01	0
Wellcome Open Research	2014-09-01	0
arXiv q-bio	2014-10-01	192
Nature Precedings	2014-10-01	0
F1000Research	2014-10-01	32
PeerJ Preprints	2014-10-01	53
bioRxiv	2014-10-01	84
Winnower	2014-10-01	4
preprints.org	2014-10-01	0
Wellcome Open Research	2014-10-01	0
arXiv q-bio	2014-11-01	194
Nature Precedings	2014-11-01	0
F1000Research	2014-11-01	22
PeerJ Preprints	2014-11-01	64
bioRxiv	2014-11-01	76
Winnower	2014-11-01	5
preprints.org	2014-11-01	0
Wellcome Open Research	2014-11-01	0
arXiv q-bio	2014-12-01	197
Nature Precedings	2014-12-01	0
F1000Research	2014-12-01	27
PeerJ Preprints	2014-12-01	113
bioRxiv	2014-12-01	91
Winnower	2014-12-01	4
preprints.org	2014-12-01	0
Wellcome Open Research	2014-12-01	0
arXiv q-bio	2015-01-01	187
Nature Precedings	2015-01-01	0
F1000Research	2015-01-01	28
PeerJ Preprints	2015-01-01	42
bioRxiv	2015-01-01	101
Winnower	2015-01-01	7
preprints.org	2015-01-01	0
Wellcome Open Research	2015-01-01	0
arXiv q-bio	2015-02-01	168
Nature Precedings	2015-02-01	0
F1000Research	2015-02-01	22
PeerJ Preprints	2015-02-01	49
bioRxiv	2015-02-01	86
Winnower	2015-02-01	0
preprints.org	2015-02-01	0
Wellcome Open Research	2015-02-01	0
arXiv q-bio	2015-03-01	197
Nature Precedings	2015-03-01	0
F1000Research	2015-03-01	19
PeerJ Preprints	2015-03-01	76
bioRxiv	2015-03-01	114
Winnower	2015-03-01	16
preprints.org	2015-03-01	0
Wellcome Open Research	2015-03-01	0
arXiv q-bio	2015-04-01	173
Nature Precedings	2015-04-01	0
F1000Research	2015-04-01	29
PeerJ Preprints	2015-04-01	72
bioRxiv	2015-04-01	119
Winnower	2015-04-01	28
preprints.org	2015-04-01	0
Wellcome Open Research	2015-04-01	0
arXiv q-bio	2015-05-01	216
Nature Precedings	2015-05-01	0
F1000Research	2015-05-01	41
PeerJ Preprints	2015-05-01	121
bioRxiv	2015-05-01	102
Winnower	2015-05-01	21
preprints.org	2015-05-01	0
Wellcome Open Research	2015-05-01	0
arXiv q-bio	2015-06-01	179
Nature Precedings	2015-06-01	0
F1000Research	2015-06-01	36
PeerJ Preprints	2015-06-01	57
bioRxiv	2015-06-01	123
Winnower	2015-06-01	12
preprints.org	2015-06-01	0
Wellcome Open Research	2015-06-01	0
arXiv q-bio	2015-07-01	180
Nature Precedings	2015-07-01	0
F1000Research	2015-07-01	52
PeerJ Preprints	2015-07-01	81
bioRxiv	2015-07-01	147
Winnower	2015-07-01	4
preprints.org	2015-07-01	0
Wellcome Open Research	2015-07-01	0
arXiv q-bio	2015-08-01	175
Nature Precedings	2015-08-01	0
F1000Research	2015-08-01	46
PeerJ Preprints	2015-08-01	58
bioRxiv	2015-08-01	144
Winnower	2015-08-01	33
preprints.org	2015-08-01	0
Wellcome Open Research	2015-08-01	0
arXiv q-bio	2015-09-01	185
Nature Precedings	2015-09-01	0
F1000Research	2015-09-01	39
PeerJ Preprints	2015-09-01	85
bioRxiv	2015-09-01	153
Winnower	2015-09-01	46
preprints.org	2015-09-01	0
Wellcome Open Research	2015-09-01	0
arXiv q-bio	2015-10-01	201
Nature Precedings	2015-10-01	0
F1000Research	2015-10-01	41
PeerJ Preprints	2015-10-01	57
bioRxiv	2015-10-01	202
Winnower	2015-10-01	43
preprints.org	2015-10-01	0
Wellcome Open Research	2015-10-01	0
arXiv q-bio	2015-11-01	198
Nature Precedings	2015-11-01	0
F1000Research	2015-11-01	49
PeerJ Preprints	2015-11-01	82
bioRxiv	2015-11-01	221
Winnower	2015-11-01	36
preprints.org	2015-11-01	0
Wellcome Open Research	2015-11-01	0
arXiv q-bio	2015-12-01	230
Nature Precedings	2015-12-01	0
F1000Research	2015-12-01	55
PeerJ Preprints	2015-12-01	74
bioRxiv	2015-12-01	194
Winnower	2015-12-01	29
preprints.org	2015-12-01	0
Wellcome Open Research	2015-12-01	0
arXiv q-bio	2016-01-01	177
Nature Precedings	2016-01-01	0
F1000Research	2016-01-01	60
PeerJ Preprints	2016-01-01	76
bioRxiv	2016-01-01	222
Winnower	2016-01-01	32
preprints.org	2016-01-01	0
Wellcome Open Research	2016-01-01	0
arXiv q-bio	2016-02-01	195
Nature Precedings	2016-02-01	0
F1000Research	2016-02-01	69
PeerJ Preprints	2016-02-01	117
bioRxiv	2016-02-01	304
Winnower	2016-02-01	46
preprints.org	2016-02-01	0
Wellcome Open Research	2016-02-01	0
arXiv q-bio	2016-03-01	181
Nature Precedings	2016-03-01	0
F1000Research	2016-03-01	76
PeerJ Preprints	2016-03-01	128
bioRxiv	2016-03-01	443
Winnower	2016-03-01	34
preprints.org	2016-03-01	0
Wellcome Open Research	2016-03-01	0
arXiv q-bio	2016-04-01	193
Nature Precedings	2016-04-01	0
F1000Research	2016-04-01	76
PeerJ Preprints	2016-04-01	99
bioRxiv	2016-04-01	398
Winnower	2016-04-01	53
preprints.org	2016-04-01	0
Wellcome Open Research	2016-04-01	0
arXiv q-bio	2016-05-01	215
Nature Precedings	2016-05-01	0
F1000Research	2016-05-01	57
PeerJ Preprints	2016-05-01	78
bioRxiv	2016-05-01	387
Winnower	2016-05-01	42
preprints.org	2016-05-01	0
Wellcome Open Research	2016-05-01	0
arXiv q-bio	2016-06-01	200
Nature Precedings	2016-06-01	0
F1000Research	2016-06-01	82
PeerJ Preprints	2016-06-01	102
bioRxiv	2016-06-01	401
Winnower	2016-06-01	48
preprints.org	2016-06-01	0
Wellcome Open Research	2016-06-01	0
arXiv q-bio	2016-07-01	173
Nature Precedings	2016-07-01	0
F1000Research	2016-07-01	29
PeerJ Preprints	2016-07-01	133
bioRxiv	2016-07-01	387
Winnower	2016-07-01	41
preprints.org	2016-07-01	1
Wellcome Open Research	2016-07-01	0
arXiv q-bio	2016-08-01	184
Nature Precedings	2016-08-01	0
F1000Research	2016-08-01	42
PeerJ Preprints	2016-08-01	78
bioRxiv	2016-08-01	448
Winnower	2016-08-01	44
preprints.org	2016-08-01	43
Wellcome Open Research	2016-08-01	0
arXiv q-bio	2016-09-01	227
Nature Precedings	2016-09-01	0
F1000Research	2016-09-01	32
PeerJ Preprints	2016-09-01	89
bioRxiv	2016-09-01	437
Winnower	2016-09-01	46
preprints.org	2016-09-01	33
Wellcome Open Research	2016-09-01	0
arXiv q-bio	2016-10-01	246
Nature Precedings	2016-10-01	0
F1000Research	2016-10-01	31
PeerJ Preprints	2016-10-01	71
bioRxiv	2016-10-01	457
Winnower	2016-10-01	43
preprints.org	2016-10-01	31
Wellcome Open Research	2016-10-01	0
arXiv q-bio	2016-11-01	230
Nature Precedings	2016-11-01	0
F1000Research	2016-11-01	46
PeerJ Preprints	2016-11-01	49
bioRxiv	2016-11-01	463
Winnower	2016-11-01	41
preprints.org	2016-11-01	45
Wellcome Open Research	2016-11-01	19
arXiv q-bio	2016-12-01	194
Nature Precedings	2016-12-01	0
F1000Research	2016-12-01	37
PeerJ Preprints	2016-12-01	63
bioRxiv	2016-12-01	557
Winnower	2016-12-01	27
preprints.org	2016-12-01	35
Wellcome Open Research	2016-12-01	14
arXiv q-bio	2017-01-01	202
Nature Precedings	2017-01-01	0
F1000Research	2017-01-01	34
PeerJ Preprints	2017-01-01	94
bioRxiv	2017-01-01	587
Winnower	2017-01-01	30
preprints.org	2017-01-01	32
Wellcome Open Research	2017-01-01	6
arXiv q-bio	2017-02-01	172
Nature Precedings	2017-02-01	0
F1000Research	2017-02-01	25
PeerJ Preprints	2017-02-01	64
bioRxiv	2017-02-01	622
Winnower	2017-02-01	40
preprints.org	2017-02-01	26
Wellcome Open Research	2017-02-01	9
arXiv q-bio	2017-03-01	235
Nature Precedings	2017-03-01	0
F1000Research	2017-03-01	46
PeerJ Preprints	2017-03-01	64
bioRxiv	2017-03-01	814
Winnower	2017-03-01	40
preprints.org	2017-03-01	62
Wellcome Open Research	2017-03-01	7
arXiv q-bio	2017-04-01	184
Nature Precedings	2017-04-01	0
F1000Research	2017-04-01	35
PeerJ Preprints	2017-04-01	57
bioRxiv	2017-04-01	741
Winnower	2017-04-01	29
preprints.org	2017-04-01	33
Wellcome Open Research	2017-04-01	8
arXiv q-bio	2017-05-01	221
Nature Precedings	2017-05-01	0
F1000Research	2017-05-01	31
PeerJ Preprints	2017-05-01	40
bioRxiv	2017-05-01	958
Winnower	2017-05-01	33
preprints.org	2017-05-01	57
Wellcome Open Research	2017-05-01	5
arXiv q-bio	2017-06-01	200
Nature Precedings	2017-06-01	0
F1000Research	2017-06-01	41
PeerJ Preprints	2017-06-01	64
bioRxiv	2017-06-01	1096
Winnower	2017-06-01	46
preprints.org	2017-06-01	27
Wellcome Open Research	2017-06-01	11
arXiv q-bio	2017-07-01	196
Nature Precedings	2017-07-01	0
F1000Research	2017-07-01	29
PeerJ Preprints	2017-07-01	55
bioRxiv	2017-07-01	978
Winnower	2017-07-01	27
preprints.org	2017-07-01	24
Wellcome Open Research	2017-07-01	13
arXiv q-bio	2017-08-01	191
Nature Precedings	2017-08-01	0
F1000Research	2017-08-01	49
PeerJ Preprints	2017-08-01	97
bioRxiv	2017-08-01	989
Winnower	2017-08-01	34
preprints.org	2017-08-01	26
Wellcome Open Research	2017-08-01	17
arXiv q-bio	2017-09-01	190
Nature Precedings	2017-09-01	0
F1000Research	2017-09-01	39
PeerJ Preprints	2017-09-01	92
bioRxiv	2017-09-01	1062
Winnower	2017-09-01	22
preprints.org	2017-09-01	40
Wellcome Open Research	2017-09-01	19
arXiv q-bio	2017-10-01	258
Nature Precedings	2017-10-01	0
F1000Research	2017-10-01	36
PeerJ Preprints	2017-10-01	77
bioRxiv	2017-10-01	1209
Winnower	2017-10-01	34
preprints.org	2017-10-01	42
Wellcome Open Research	2017-10-01	10
arXiv q-bio	2017-11-01	202
Nature Precedings	2017-11-01	0
F1000Research	2017-11-01	47
PeerJ Preprints	2017-11-01	58
bioRxiv	2017-11-01	1190
Winnower	2017-11-01	30
preprints.org	2017-11-01	49
Wellcome Open Research	2017-11-01	9
arXiv q-bio	2017-12-01	191
Nature Precedings	2017-12-01	0
F1000Research	2017-12-01	28
PeerJ Preprints	2017-12-01	58
bioRxiv	2017-12-01	1099
Winnower	2017-12-01	20
preprints.org	2017-12-01	34
Wellcome Open Research	2017-12-01	7
arXiv q-bio	2018-01-01	237
Nature Precedings	2018-01-01	0
F1000Research	2018-01-01	47
PeerJ Preprints	2018-01-01	67
bioRxiv	2018-01-01	1239
Winnower	2018-01-01	23
preprints.org	2018-01-01	77
Wellcome Open Research	2018-01-01	7
arXiv q-bio	2018-02-01	209
Nature Precedings	2018-02-01	0
F1000Research	2018-02-01	59
PeerJ Preprints	2018-02-01	107
bioRxiv	2018-02-01	1232
Winnower	2018-02-01	27
preprints.org	2018-02-01	45
Wellcome Open Research	2018-02-01	11
arXiv q-bio	2018-03-01	220
Nature Precedings	2018-03-01	0
F1000Research	2018-03-01	59
PeerJ Preprints	2018-03-01	232
bioRxiv	2018-03-01	1484
Winnower	2018-03-01	18
preprints.org	2018-03-01	76
Wellcome Open Research	2018-03-01	16
